country,genre,genre_count,genre_percentage
"",comedy,61,16.804407713498623
"",animation,33,9.090909090909092
"",documentation,29,7.988980716253444
"","",25,6.887052341597796
"",drama,24,6.6115702479338845
"",comedy,18,4.958677685950414
"",family,17,4.683195592286501
"",drama,15,4.132231404958678
"",reality,15,4.132231404958678
"",documentation,12,3.3057851239669422
"",action,12,3.3057851239669422
"",animation,11,3.0303030303030303
"",romance,9,2.479338842975207
"",thriller,8,2.203856749311295
"",family,7,1.9283746556473829
"",thriller,7,1.9283746556473829
"",fantasy,7,1.9283746556473829
"",music,7,1.9283746556473829
"",crime,6,1.6528925619834711
"",crime,6,1.6528925619834711
"",scifi,4,1.1019283746556474
"",horror,4,1.1019283746556474
"",reality,4,1.1019283746556474
"",fantasy,4,1.1019283746556474
"",action,4,1.1019283746556474
"",romance,3,0.8264462809917356
"",music,3,0.8264462809917356
"",scifi,3,0.8264462809917356
"",history,2,0.5509641873278237
"",horror,1,0.27548209366391185
"",history,1,0.27548209366391185
"",sport,1,0.27548209366391185
ae,drama,2,15.384615384615385
ae,drama,2,15.384615384615385
ae,thriller,1,7.6923076923076925
ae,war,1,7.6923076923076925
ae,european,1,7.6923076923076925
ae,comedy,1,7.6923076923076925
ae,crime,1,7.6923076923076925
ae,family,1,7.6923076923076925
ae,scifi,1,7.6923076923076925
ae,romance,1,7.6923076923076925
ae,action,1,7.6923076923076925
al,drama,2,33.33333333333333
al,european,1,16.666666666666664
al,documentation,1,16.666666666666664
al,romance,1,16.666666666666664
al,history,1,16.666666666666664
ar,drama,6,25.0
ar,documentation,4,16.666666666666664
ar,comedy,3,12.5
ar,drama,3,12.5
ar,sport,2,8.333333333333332
ar,comedy,2,8.333333333333332
ar,european,1,4.166666666666666
ar,crime,1,4.166666666666666
ar,music,1,4.166666666666666
ar,thriller,1,4.166666666666666
at,european,3,33.33333333333333
at,drama,3,33.33333333333333
at,documentation,2,22.22222222222222
at,romance,1,11.11111111111111
au,animation,4,10.0
au,family,4,10.0
au,drama,4,10.0
au,drama,4,10.0
au,comedy,3,7.5
au,action,3,7.5
au,fantasy,3,7.5
au,romance,2,5.0
au,war,2,5.0
au,crime,2,5.0
au,european,2,5.0
au,thriller,2,5.0
au,comedy,1,2.5
au,family,1,2.5
au,documentation,1,2.5
au,western,1,2.5
au,crime,1,2.5
bd,drama,1,100.0
be,drama,11,19.642857142857142
be,european,10,17.857142857142858
be,drama,4,7.142857142857142
be,crime,4,7.142857142857142
be,thriller,4,7.142857142857142
be,action,3,5.357142857142857
be,fantasy,2,3.571428571428571
be,documentation,2,3.571428571428571
be,romance,2,3.571428571428571
be,comedy,1,1.7857142857142856
be,animation,1,1.7857142857142856
be,reality,1,1.7857142857142856
be,crime,1,1.7857142857142856
be,fantasy,1,1.7857142857142856
be,thriller,1,1.7857142857142856
be,comedy,1,1.7857142857142856
be,romance,1,1.7857142857142856
be,horror,1,1.7857142857142856
be,music,1,1.7857142857142856
be,family,1,1.7857142857142856
be,war,1,1.7857142857142856
be,history,1,1.7857142857142856
be,war,1,1.7857142857142856
bf,european,1,50.0
bf,drama,1,50.0
bg,action,2,28.57142857142857
bg,war,1,14.285714285714285
bg,drama,1,14.285714285714285
bg,history,1,14.285714285714285
bg,drama,1,14.285714285714285
bg,thriller,1,14.285714285714285
br,drama,4,20.0
br,european,3,15.0
br,documentation,2,10.0
br,family,2,10.0
br,thriller,2,10.0
br,crime,1,5.0
br,horror,1,5.0
br,documentation,1,5.0
br,drama,1,5.0
br,action,1,5.0
br,thriller,1,5.0
br,romance,1,5.0
bs,european,1,33.33333333333333
bs,thriller,1,33.33333333333333
bs,action,1,33.33333333333333
ca,drama,17,9.550561797752808
ca,comedy,14,7.865168539325842
ca,thriller,13,7.303370786516854
ca,family,12,6.741573033707865
ca,european,10,5.617977528089887
ca,animation,10,5.617977528089887
ca,drama,10,5.617977528089887
ca,action,9,5.056179775280898
ca,scifi,8,4.49438202247191
ca,fantasy,7,3.932584269662921
ca,comedy,6,3.3707865168539324
ca,action,6,3.3707865168539324
ca,scifi,6,3.3707865168539324
ca,romance,5,2.8089887640449436
ca,animation,5,2.8089887640449436
ca,thriller,5,2.8089887640449436
ca,fantasy,5,2.8089887640449436
ca,documentation,4,2.247191011235955
ca,crime,4,2.247191011235955
ca,horror,4,2.247191011235955
ca,romance,3,1.6853932584269662
ca,history,3,1.6853932584269662
ca,horror,3,1.6853932584269662
ca,"",2,1.1235955056179776
ca,family,2,1.1235955056179776
ca,documentation,1,0.5617977528089888
ca,western,1,0.5617977528089888
ca,music,1,0.5617977528089888
ca,reality,1,0.5617977528089888
ca,western,1,0.5617977528089888
ch,european,6,27.27272727272727
ch,drama,3,13.636363636363635
ch,drama,2,9.090909090909092
ch,documentation,2,9.090909090909092
ch,action,1,4.545454545454546
ch,comedy,1,4.545454545454546
ch,romance,1,4.545454545454546
ch,romance,1,4.545454545454546
ch,fantasy,1,4.545454545454546
ch,action,1,4.545454545454546
ch,scifi,1,4.545454545454546
ch,war,1,4.545454545454546
ch,thriller,1,4.545454545454546
cl,drama,1,25.0
cl,thriller,1,25.0
cl,horror,1,25.0
cl,thriller,1,25.0
cn,action,11,15.492957746478872
cn,drama,7,9.859154929577464
cn,fantasy,5,7.042253521126761
cn,thriller,5,7.042253521126761
cn,drama,4,5.633802816901409
cn,scifi,4,5.633802816901409
cn,family,4,5.633802816901409
cn,documentation,3,4.225352112676056
cn,crime,3,4.225352112676056
cn,action,3,4.225352112676056
cn,thriller,3,4.225352112676056
cn,comedy,3,4.225352112676056
cn,animation,2,2.8169014084507045
cn,comedy,2,2.8169014084507045
cn,history,2,2.8169014084507045
cn,european,2,2.8169014084507045
cn,horror,1,1.4084507042253522
cn,crime,1,1.4084507042253522
cn,animation,1,1.4084507042253522
cn,western,1,1.4084507042253522
cn,scifi,1,1.4084507042253522
cn,horror,1,1.4084507042253522
cn,sport,1,1.4084507042253522
cn,fantasy,1,1.4084507042253522
co,comedy,3,42.857142857142854
co,drama,1,14.285714285714285
co,crime,1,14.285714285714285
co,drama,1,14.285714285714285
co,european,1,14.285714285714285
cy,fantasy,1,20.0
cy,thriller,1,20.0
cy,scifi,1,20.0
cy,comedy,1,20.0
cy,action,1,20.0
cz,european,3,21.428571428571427
cz,war,2,14.285714285714285
cz,drama,2,14.285714285714285
cz,history,2,14.285714285714285
cz,drama,1,7.142857142857142
cz,family,1,7.142857142857142
cz,action,1,7.142857142857142
cz,thriller,1,7.142857142857142
cz,romance,1,7.142857142857142
de,european,27,17.532467532467532
de,drama,17,11.03896103896104
de,thriller,13,8.441558441558442
de,action,13,8.441558441558442
de,drama,12,7.792207792207792
de,thriller,11,7.142857142857142
de,crime,8,5.194805194805195
de,documentation,6,3.896103896103896
de,comedy,6,3.896103896103896
de,fantasy,4,2.5974025974025974
de,comedy,4,2.5974025974025974
de,animation,4,2.5974025974025974
de,family,3,1.948051948051948
de,war,3,1.948051948051948
de,horror,3,1.948051948051948
de,romance,3,1.948051948051948
de,scifi,3,1.948051948051948
de,action,3,1.948051948051948
de,sport,2,1.2987012987012987
de,fantasy,2,1.2987012987012987
de,crime,1,0.6493506493506493
de,family,1,0.6493506493506493
de,romance,1,0.6493506493506493
de,scifi,1,0.6493506493506493
de,history,1,0.6493506493506493
de,western,1,0.6493506493506493
de,horror,1,0.6493506493506493
dk,european,8,22.857142857142858
dk,drama,6,17.142857142857142
dk,documentation,4,11.428571428571429
dk,romance,4,11.428571428571429
dk,family,3,8.571428571428571
dk,thriller,1,2.857142857142857
dk,documentation,1,2.857142857142857
dk,animation,1,2.857142857142857
dk,history,1,2.857142857142857
dk,horror,1,2.857142857142857
dk,fantasy,1,2.857142857142857
dk,comedy,1,2.857142857142857
dk,crime,1,2.857142857142857
dk,war,1,2.857142857142857
dk,drama,1,2.857142857142857
eg,drama,2,33.33333333333333
eg,documentation,1,16.666666666666664
eg,crime,1,16.666666666666664
eg,documentation,1,16.666666666666664
eg,history,1,16.666666666666664
es,european,14,13.333333333333334
es,drama,12,11.428571428571429
es,thriller,10,9.523809523809524
es,drama,8,7.6190476190476195
es,comedy,7,6.666666666666667
es,thriller,6,5.714285714285714
es,crime,6,5.714285714285714
es,romance,5,4.761904761904762
es,action,5,4.761904761904762
es,history,4,3.8095238095238098
es,comedy,4,3.8095238095238098
es,crime,3,2.857142857142857
es,animation,3,2.857142857142857
es,music,2,1.9047619047619049
es,fantasy,2,1.9047619047619049
es,romance,2,1.9047619047619049
es,documentation,2,1.9047619047619049
es,horror,2,1.9047619047619049
es,family,2,1.9047619047619049
es,scifi,1,0.9523809523809524
es,documentation,1,0.9523809523809524
es,sport,1,0.9523809523809524
es,war,1,0.9523809523809524
es,fantasy,1,0.9523809523809524
es,scifi,1,0.9523809523809524
fi,drama,2,25.0
fi,european,1,12.5
fi,horror,1,12.5
fi,history,1,12.5
fi,romance,1,12.5
fi,drama,1,12.5
fi,thriller,1,12.5
fo,drama,1,100.0
fr,european,40,16.736401673640167
fr,drama,37,15.481171548117153
fr,drama,20,8.368200836820083
fr,action,13,5.439330543933055
fr,thriller,12,5.02092050209205
fr,crime,12,5.02092050209205
fr,thriller,12,5.02092050209205
fr,history,11,4.602510460251046
fr,comedy,10,4.184100418410042
fr,romance,9,3.765690376569038
fr,war,8,3.3472803347280333
fr,animation,7,2.928870292887029
fr,fantasy,7,2.928870292887029
fr,family,6,2.510460251046025
fr,romance,4,1.6736401673640167
fr,scifi,4,1.6736401673640167
fr,crime,4,1.6736401673640167
fr,documentation,3,1.2552301255230125
fr,fantasy,3,1.2552301255230125
fr,horror,3,1.2552301255230125
fr,action,3,1.2552301255230125
fr,comedy,3,1.2552301255230125
fr,animation,2,0.8368200836820083
fr,music,1,0.41841004184100417
fr,war,1,0.41841004184100417
fr,documentation,1,0.41841004184100417
fr,"",1,0.41841004184100417
fr,scifi,1,0.41841004184100417
fr,horror,1,0.41841004184100417
gb,drama,32,11.808118081180812
gb,european,19,7.011070110701106
gb,thriller,19,7.011070110701106
gb,action,19,7.011070110701106
gb,drama,18,6.642066420664207
gb,documentation,17,6.273062730627306
gb,thriller,14,5.166051660516605
gb,comedy,13,4.797047970479705
gb,crime,13,4.797047970479705
gb,family,11,4.059040590405904
gb,comedy,11,4.059040590405904
gb,fantasy,8,2.952029520295203
gb,animation,7,2.5830258302583027
gb,romance,7,2.5830258302583027
gb,romance,6,2.214022140221402
gb,fantasy,5,1.8450184501845017
gb,documentation,5,1.8450184501845017
gb,animation,5,1.8450184501845017
gb,scifi,5,1.8450184501845017
gb,scifi,5,1.8450184501845017
gb,horror,4,1.4760147601476015
gb,action,4,1.4760147601476015
gb,history,4,1.4760147601476015
gb,war,4,1.4760147601476015
gb,sport,3,1.107011070110701
gb,war,3,1.107011070110701
gb,crime,2,0.7380073800738007
gb,western,2,0.7380073800738007
gb,western,2,0.7380073800738007
gb,music,1,0.36900369003690037
gb,family,1,0.36900369003690037
gb,music,1,0.36900369003690037
gb,history,1,0.36900369003690037
ge,drama,1,100.0
gh,war,1,50.0
gh,drama,1,50.0
gr,drama,3,60.0
gr,romance,1,20.0
gr,western,1,20.0
hk,action,7,17.5
hk,comedy,5,12.5
hk,drama,4,10.0
hk,thriller,3,7.5
hk,fantasy,2,5.0
hk,drama,2,5.0
hk,scifi,2,5.0
hk,family,2,5.0
hk,romance,2,5.0
hk,history,2,5.0
hk,action,2,5.0
hk,crime,2,5.0
hk,crime,1,2.5
hk,thriller,1,2.5
hk,scifi,1,2.5
hk,animation,1,2.5
hk,sport,1,2.5
hu,thriller,2,18.181818181818183
hu,drama,2,18.181818181818183
hu,action,1,9.090909090909092
hu,crime,1,9.090909090909092
hu,scifi,1,9.090909090909092
hu,horror,1,9.090909090909092
hu,history,1,9.090909090909092
hu,drama,1,9.090909090909092
hu,romance,1,9.090909090909092
id,horror,2,33.33333333333333
id,thriller,1,16.666666666666664
id,scifi,1,16.666666666666664
id,thriller,1,16.666666666666664
id,action,1,16.666666666666664
ie,drama,4,16.666666666666664
ie,european,3,12.5
ie,family,2,8.333333333333332
ie,thriller,2,8.333333333333332
ie,history,2,8.333333333333332
ie,comedy,2,8.333333333333332
ie,war,1,4.166666666666666
ie,animation,1,4.166666666666666
ie,action,1,4.166666666666666
ie,animation,1,4.166666666666666
ie,scifi,1,4.166666666666666
ie,crime,1,4.166666666666666
ie,fantasy,1,4.166666666666666
ie,fantasy,1,4.166666666666666
ie,comedy,1,4.166666666666666
il,documentation,2,25.0
il,drama,1,12.5
il,crime,1,12.5
il,european,1,12.5
il,history,1,12.5
il,family,1,12.5
il,war,1,12.5
in,european,4,16.0
in,drama,4,16.0
in,comedy,3,12.0
in,thriller,3,12.0
in,romance,2,8.0
in,fantasy,1,4.0
in,animation,1,4.0
in,drama,1,4.0
in,crime,1,4.0
in,comedy,1,4.0
in,crime,1,4.0
in,action,1,4.0
in,action,1,4.0
in,romance,1,4.0
iq,documentation,1,50.0
iq,european,1,50.0
ir,thriller,1,14.285714285714285
ir,fantasy,1,14.285714285714285
ir,horror,1,14.285714285714285
ir,war,1,14.285714285714285
ir,drama,1,14.285714285714285
ir,european,1,14.285714285714285
ir,drama,1,14.285714285714285
is,european,2,11.11111111111111
is,history,2,11.11111111111111
is,romance,2,11.11111111111111
is,drama,2,11.11111111111111
is,thriller,2,11.11111111111111
is,drama,1,5.555555555555555
is,action,1,5.555555555555555
is,fantasy,1,5.555555555555555
is,comedy,1,5.555555555555555
is,family,1,5.555555555555555
is,crime,1,5.555555555555555
is,documentation,1,5.555555555555555
is,crime,1,5.555555555555555
it,european,12,19.047619047619047
it,drama,6,9.523809523809524
it,fantasy,5,7.936507936507936
it,drama,4,6.349206349206349
it,documentation,4,6.349206349206349
it,action,3,4.761904761904762
it,thriller,3,4.761904761904762
it,animation,3,4.761904761904762
it,thriller,3,4.761904761904762
it,comedy,3,4.761904761904762
it,crime,2,3.1746031746031744
it,family,2,3.1746031746031744
it,comedy,2,3.1746031746031744
it,horror,2,3.1746031746031744
it,action,1,1.5873015873015872
it,war,1,1.5873015873015872
it,reality,1,1.5873015873015872
it,war,1,1.5873015873015872
it,crime,1,1.5873015873015872
it,scifi,1,1.5873015873015872
it,romance,1,1.5873015873015872
it,history,1,1.5873015873015872
it,reality,1,1.5873015873015872
jo,drama,2,15.384615384615385
jo,drama,2,15.384615384615385
jo,history,1,7.6923076923076925
jo,documentation,1,7.6923076923076925
jo,romance,1,7.6923076923076925
jo,european,1,7.6923076923076925
jo,thriller,1,7.6923076923076925
jo,fantasy,1,7.6923076923076925
jo,war,1,7.6923076923076925
jo,comedy,1,7.6923076923076925
jo,horror,1,7.6923076923076925
jp,drama,5,11.11111111111111
jp,romance,5,11.11111111111111
jp,animation,4,8.88888888888889
jp,action,4,8.88888888888889
jp,action,3,6.666666666666667
jp,family,3,6.666666666666667
jp,comedy,3,6.666666666666667
jp,thriller,2,4.444444444444445
jp,fantasy,2,4.444444444444445
jp,war,1,2.2222222222222223
jp,drama,1,2.2222222222222223
jp,comedy,1,2.2222222222222223
jp,documentation,1,2.2222222222222223
jp,scifi,1,2.2222222222222223
jp,crime,1,2.2222222222222223
jp,scifi,1,2.2222222222222223
jp,"",1,2.2222222222222223
jp,history,1,2.2222222222222223
jp,european,1,2.2222222222222223
jp,documentation,1,2.2222222222222223
jp,western,1,2.2222222222222223
jp,sport,1,2.2222222222222223
jp,music,1,2.2222222222222223
kh,european,1,20.0
kh,war,1,20.0
kh,history,1,20.0
kh,drama,1,20.0
kh,animation,1,20.0
kr,animation,2,22.22222222222222
kr,drama,1,11.11111111111111
kr,comedy,1,11.11111111111111
kr,fantasy,1,11.11111111111111
kr,crime,1,11.11111111111111
kr,scifi,1,11.11111111111111
kr,action,1,11.11111111111111
kr,family,1,11.11111111111111
kw,drama,1,100.0
lb,drama,8,27.586206896551722
lb,european,5,17.24137931034483
lb,documentation,4,13.793103448275861
lb,drama,3,10.344827586206897
lb,war,3,10.344827586206897
lb,romance,2,6.896551724137931
lb,comedy,1,3.4482758620689653
lb,crime,1,3.4482758620689653
lb,thriller,1,3.4482758620689653
lb,war,1,3.4482758620689653
lk,drama,1,100.0
lt,action,1,50.0
lt,scifi,1,50.0
lu,drama,3,15.789473684210526
lu,history,2,10.526315789473683
lu,drama,2,10.526315789473683
lu,animation,2,10.526315789473683
lu,thriller,2,10.526315789473683
lu,european,2,10.526315789473683
lu,sport,1,5.263157894736842
lu,western,1,5.263157894736842
lu,action,1,5.263157894736842
lu,crime,1,5.263157894736842
lu,animation,1,5.263157894736842
lu,war,1,5.263157894736842
ma,comedy,2,20.0
ma,drama,2,20.0
ma,romance,1,10.0
ma,crime,1,10.0
ma,thriller,1,10.0
ma,action,1,10.0
ma,drama,1,10.0
ma,war,1,10.0
mx,drama,6,18.75
mx,thriller,4,12.5
mx,european,3,9.375
mx,comedy,3,9.375
mx,documentation,2,6.25
mx,history,2,6.25
mx,horror,2,6.25
mx,drama,2,6.25
mx,fantasy,1,3.125
mx,scifi,1,3.125
mx,action,1,3.125
mx,crime,1,3.125
mx,animation,1,3.125
mx,action,1,3.125
mx,family,1,3.125
mx,comedy,1,3.125
my,horror,2,50.0
my,thriller,1,25.0
my,romance,1,25.0
ng,drama,3,27.27272727272727
ng,thriller,2,18.181818181818183
ng,comedy,1,9.090909090909092
ng,thriller,1,9.090909090909092
ng,drama,1,9.090909090909092
ng,crime,1,9.090909090909092
ng,action,1,9.090909090909092
ng,action,1,9.090909090909092
nl,drama,6,15.789473684210526
nl,european,6,15.789473684210526
nl,thriller,3,7.894736842105263
nl,war,3,7.894736842105263
nl,family,3,7.894736842105263
nl,documentation,2,5.263157894736842
nl,history,2,5.263157894736842
nl,action,2,5.263157894736842
nl,horror,1,2.631578947368421
nl,comedy,1,2.631578947368421
nl,action,1,2.631578947368421
nl,comedy,1,2.631578947368421
nl,romance,1,2.631578947368421
nl,documentation,1,2.631578947368421
nl,music,1,2.631578947368421
nl,animation,1,2.631578947368421
nl,animation,1,2.631578947368421
nl,thriller,1,2.631578947368421
nl,fantasy,1,2.631578947368421
no,european,4,25.0
no,drama,3,18.75
no,comedy,2,12.5
no,action,1,6.25
no,comedy,1,6.25
no,romance,1,6.25
no,war,1,6.25
no,music,1,6.25
no,romance,1,6.25
no,drama,1,6.25
np,drama,1,100.0
nz,romance,1,33.33333333333333
nz,drama,1,33.33333333333333
nz,western,1,33.33333333333333
pe,drama,2,25.0
pe,family,1,12.5
pe,drama,1,12.5
pe,thriller,1,12.5
pe,european,1,12.5
pe,horror,1,12.5
pe,documentation,1,12.5
ph,crime,1,16.666666666666664
ph,thriller,1,16.666666666666664
ph,romance,1,16.666666666666664
ph,drama,1,16.666666666666664
ph,horror,1,16.666666666666664
ph,drama,1,16.666666666666664
pl,drama,2,22.22222222222222
pl,european,2,22.22222222222222
pl,documentation,1,11.11111111111111
pl,action,1,11.11111111111111
pl,thriller,1,11.11111111111111
pl,thriller,1,11.11111111111111
pl,crime,1,11.11111111111111
ps,drama,6,31.57894736842105
ps,european,4,21.052631578947366
ps,drama,2,10.526315789473683
ps,comedy,2,10.526315789473683
ps,war,1,5.263157894736842
ps,romance,1,5.263157894736842
ps,thriller,1,5.263157894736842
ps,romance,1,5.263157894736842
ps,documentation,1,5.263157894736842
pt,romance,2,25.0
pt,european,2,25.0
pt,drama,1,12.5
pt,family,1,12.5
pt,documentation,1,12.5
pt,comedy,1,12.5
qa,drama,3,16.666666666666664
qa,crime,2,11.11111111111111
qa,thriller,2,11.11111111111111
qa,drama,2,11.11111111111111
qa,documentation,1,5.555555555555555
qa,comedy,1,5.555555555555555
qa,animation,1,5.555555555555555
qa,horror,1,5.555555555555555
qa,action,1,5.555555555555555
qa,european,1,5.555555555555555
qa,war,1,5.555555555555555
qa,fantasy,1,5.555555555555555
qa,romance,1,5.555555555555555
rs,drama,1,100.0
ru,animation,1,100.0
sa,war,1,12.5
sa,family,1,12.5
sa,history,1,12.5
sa,drama,1,12.5
sa,fantasy,1,12.5
sa,thriller,1,12.5
sa,animation,1,12.5
sa,comedy,1,12.5
se,european,7,23.333333333333332
se,drama,6,20.0
se,drama,2,6.666666666666667
se,family,2,6.666666666666667
se,thriller,2,6.666666666666667
se,romance,2,6.666666666666667
se,documentation,2,6.666666666666667
se,scifi,1,3.3333333333333335
se,documentation,1,3.3333333333333335
se,action,1,3.3333333333333335
se,crime,1,3.3333333333333335
se,war,1,3.3333333333333335
se,music,1,3.3333333333333335
se,thriller,1,3.3333333333333335
sg,documentation,2,25.0
sg,european,1,12.5
sg,drama,1,12.5
sg,drama,1,12.5
sg,fantasy,1,12.5
sg,action,1,12.5
sg,crime,1,12.5
su,action,2,28.57142857142857
su,drama,2,28.57142857142857
su,romance,1,14.285714285714285
su,family,1,14.285714285714285
su,fantasy,1,14.285714285714285
sy,drama,1,25.0
sy,war,1,25.0
sy,drama,1,25.0
sy,thriller,1,25.0
th,romance,1,10.0
th,action,1,10.0
th,documentation,1,10.0
th,action,1,10.0
th,thriller,1,10.0
th,drama,1,10.0
th,drama,1,10.0
th,thriller,1,10.0
th,crime,1,10.0
th,history,1,10.0
tn,drama,1,100.0
tw,thriller,2,33.33333333333333
tw,drama,1,16.666666666666664
tw,reality,1,16.666666666666664
tw,drama,1,16.666666666666664
tw,scifi,1,16.666666666666664
us,drama,63,9.0
us,drama,57,8.142857142857144
us,action,52,7.428571428571429
us,thriller,41,5.857142857142858
us,european,41,5.857142857142858
us,family,40,5.714285714285714
us,thriller,37,5.285714285714286
us,documentation,29,4.142857142857142
us,crime,28,4.0
us,comedy,27,3.8571428571428568
us,animation,26,3.7142857142857144
us,romance,26,3.7142857142857144
us,comedy,25,3.571428571428571
us,history,24,3.428571428571429
us,fantasy,23,3.2857142857142856
us,scifi,22,3.1428571428571432
us,war,17,2.4285714285714284
us,horror,15,2.142857142857143
us,horror,14,2.0
us,scifi,13,1.8571428571428572
us,animation,13,1.8571428571428572
us,fantasy,12,1.7142857142857144
us,action,10,1.4285714285714286
us,documentation,9,1.2857142857142856
us,crime,9,1.2857142857142856
us,romance,6,0.8571428571428572
us,music,6,0.8571428571428572
us,sport,6,0.8571428571428572
us,reality,3,0.4285714285714286
us,music,2,0.2857142857142857
us,western,2,0.2857142857142857
us,family,1,0.14285714285714285
us,history,1,0.14285714285714285
uy,drama,2,25.0
uy,documentation,2,25.0
uy,european,1,12.5
uy,history,1,12.5
uy,crime,1,12.5
uy,comedy,1,12.5
va,documentation,1,50.0
va,european,1,50.0
za,drama,4,16.666666666666664
za,crime,3,12.5
za,thriller,2,8.333333333333332
za,comedy,2,8.333333333333332
za,action,2,8.333333333333332
za,history,1,4.166666666666666
za,romance,1,4.166666666666666
za,war,1,4.166666666666666
za,romance,1,4.166666666666666
za,comedy,1,4.166666666666666
za,drama,1,4.166666666666666
za,scifi,1,4.166666666666666
za,action,1,4.166666666666666
za,european,1,4.166666666666666
za,thriller,1,4.166666666666666
za,crime,1,4.166666666666666
ae,thriller,7,17.5
ae,drama,7,17.5
ae,comedy,4,10.0
ae,drama,2,5.0
ae,sport,2,5.0
ae,action,2,5.0
ae,action,2,5.0
ae,european,2,5.0
ae,horror,2,5.0
ae,crime,2,5.0
ae,scifi,1,2.5
ae,scifi,1,2.5
ae,comedy,1,2.5
ae,documentation,1,2.5
ae,war,1,2.5
ae,fantasy,1,2.5
ae,family,1,2.5
ae,romance,1,2.5
af,drama,2,100.0
and ends up as a maid but tells brenda she is happy and having a great life. olivia ends up in jail for having a fake wedding with a braulio bermudez and getting some of his properties. violeta dies when the two mafia opposite sides were going to end a war that was going on in between them.renata also dies because she was force by erick,who was a pilot and end up in jail because he was captured by dea taking cocaine to u.s in a plain,1,100.0
and most episodes end with the characters dancing. many episodes also involve parties.,and things that are going on with or around him. the narrator usually speaks explicitly to the viewers and to the characters as well. each character has its own distinctive dance and also a specific sound,1,100.0
and the dvds in both chinese and japanese went on sale on 20 june 2012.,six times as high as in taiwan. the whole tv series was divided into 34 episodes in japan,1,100.0
ao,drama,1,33.33333333333333
ao,crime,1,33.33333333333333
ao,action,1,33.33333333333333
apart from excellence,in which,1,100.0
ar,drama,18,13.740458015267176
ar,comedy,16,12.213740458015266
ar,drama,14,10.687022900763358
ar,crime,11,8.396946564885496
ar,documentation,8,6.106870229007633
ar,thriller,8,6.106870229007633
ar,european,7,5.343511450381679
ar,thriller,7,5.343511450381679
ar,sport,6,4.580152671755725
ar,crime,5,3.816793893129771
ar,music,5,3.816793893129771
ar,romance,4,3.0534351145038165
ar,history,4,3.0534351145038165
ar,comedy,4,3.0534351145038165
ar,family,3,2.2900763358778624
ar,documentation,3,2.2900763358778624
ar,action,3,2.2900763358778624
ar,romance,2,1.5267175572519083
ar,animation,1,0.7633587786259541
ar,horror,1,0.7633587786259541
ar,music,1,0.7633587786259541
at,european,6,26.08695652173913
at,thriller,3,13.043478260869565
at,drama,3,13.043478260869565
at,drama,3,13.043478260869565
at,horror,1,4.3478260869565215
at,family,1,4.3478260869565215
at,action,1,4.3478260869565215
at,crime,1,4.3478260869565215
at,fantasy,1,4.3478260869565215
at,comedy,1,4.3478260869565215
at,scifi,1,4.3478260869565215
at,documentation,1,4.3478260869565215
au,drama,17,9.770114942528735
au,family,17,9.770114942528735
au,comedy,12,6.896551724137931
au,drama,12,6.896551724137931
au,comedy,12,6.896551724137931
au,documentation,10,5.747126436781609
au,thriller,8,4.597701149425287
au,fantasy,8,4.597701149425287
au,romance,8,4.597701149425287
au,reality,7,4.022988505747127
au,sport,6,3.4482758620689653
au,scifi,5,2.8735632183908044
au,scifi,5,2.8735632183908044
au,animation,5,2.8735632183908044
au,documentation,5,2.8735632183908044
au,crime,4,2.2988505747126435
au,thriller,4,2.2988505747126435
au,action,4,2.2988505747126435
au,horror,4,2.2988505747126435
au,family,4,2.2988505747126435
au,action,3,1.7241379310344827
au,history,3,1.7241379310344827
au,music,2,1.1494252873563218
au,horror,2,1.1494252873563218
au,fantasy,1,0.5747126436781609
au,war,1,0.5747126436781609
au,war,1,0.5747126436781609
au,sport,1,0.5747126436781609
au,animation,1,0.5747126436781609
au,romance,1,0.5747126436781609
au,crime,1,0.5747126436781609
bd,drama,2,100.0
be,european,13,14.285714285714285
be,drama,10,10.989010989010989
be,drama,9,9.89010989010989
be,thriller,7,7.6923076923076925
be,thriller,6,6.593406593406594
be,comedy,5,5.4945054945054945
be,crime,5,5.4945054945054945
be,action,4,4.395604395604396
be,fantasy,4,4.395604395604396
be,comedy,4,4.395604395604396
be,horror,3,3.296703296703297
be,history,3,3.296703296703297
be,family,3,3.296703296703297
be,documentation,3,3.296703296703297
be,animation,3,3.296703296703297
be,war,2,2.197802197802198
be,horror,1,1.098901098901099
be,documentation,1,1.098901098901099
be,romance,1,1.098901098901099
be,scifi,1,1.098901098901099
be,crime,1,1.098901098901099
be,scifi,1,1.098901098901099
be,animation,1,1.098901098901099
bg,european,5,21.73913043478261
bg,thriller,4,17.391304347826086
bg,drama,4,17.391304347826086
bg,crime,3,13.043478260869565
bg,action,3,13.043478260869565
bg,scifi,1,4.3478260869565215
bg,thriller,1,4.3478260869565215
bg,horror,1,4.3478260869565215
bg,drama,1,4.3478260869565215
br,comedy,27,14.210526315789473
br,drama,19,10.0
br,documentation,16,8.421052631578947
br,drama,14,7.368421052631578
br,comedy,12,6.315789473684211
br,family,11,5.7894736842105265
br,documentation,10,5.263157894736842
br,crime,10,5.263157894736842
br,romance,8,4.2105263157894735
br,thriller,7,3.684210526315789
br,music,7,3.684210526315789
br,romance,6,3.1578947368421053
br,reality,5,2.631578947368421
br,action,5,2.631578947368421
br,crime,4,2.1052631578947367
br,fantasy,3,1.5789473684210527
br,animation,3,1.5789473684210527
br,scifi,3,1.5789473684210527
br,thriller,3,1.5789473684210527
br,history,3,1.5789473684210527
br,reality,3,1.5789473684210527
br,animation,2,1.0526315789473684
br,horror,2,1.0526315789473684
br,european,1,0.5263157894736842
br,western,1,0.5263157894736842
br,fantasy,1,0.5263157894736842
br,scifi,1,0.5263157894736842
br,sport,1,0.5263157894736842
br,history,1,0.5263157894736842
br,music,1,0.5263157894736842
by,family,1,50.0
by,animation,1,50.0
ca,family,42,9.699769053117784
ca,drama,40,9.237875288683602
ca,comedy,35,8.083140877598153
ca,comedy,34,7.852193995381063
ca,drama,23,5.311778290993072
ca,animation,20,4.618937644341801
ca,thriller,19,4.387990762124711
ca,action,19,4.387990762124711
ca,crime,19,4.387990762124711
ca,animation,17,3.9260969976905313
ca,fantasy,16,3.695150115473441
ca,scifi,15,3.4642032332563506
ca,romance,14,3.233256351039261
ca,thriller,11,2.5404157043879905
ca,action,10,2.3094688221709005
ca,documentation,10,2.3094688221709005
ca,fantasy,9,2.0785219399538106
ca,romance,8,1.8475750577367205
ca,scifi,8,1.8475750577367205
ca,horror,8,1.8475750577367205
ca,documentation,8,1.8475750577367205
ca,horror,7,1.6166281755196306
ca,music,6,1.3856812933025404
ca,history,5,1.1547344110854503
ca,crime,5,1.1547344110854503
ca,european,5,1.1547344110854503
ca,sport,4,0.9237875288683602
ca,reality,4,0.9237875288683602
ca,"",3,0.6928406466512702
ca,family,2,0.4618937644341801
ca,war,2,0.4618937644341801
ca,reality,2,0.4618937644341801
ca,history,1,0.23094688221709006
ca,music,1,0.23094688221709006
ca,western,1,0.23094688221709006
cd,crime,1,14.285714285714285
cd,thriller,1,14.285714285714285
cd,documentation,1,14.285714285714285
cd,drama,1,14.285714285714285
cd,documentation,1,14.285714285714285
cd,war,1,14.285714285714285
cd,war,1,14.285714285714285
ch,documentation,1,11.11111111111111
ch,action,1,11.11111111111111
ch,history,1,11.11111111111111
ch,drama,1,11.11111111111111
ch,thriller,1,11.11111111111111
ch,scifi,1,11.11111111111111
ch,drama,1,11.11111111111111
ch,comedy,1,11.11111111111111
ch,european,1,11.11111111111111
cl,drama,7,22.58064516129032
cl,comedy,6,19.35483870967742
cl,drama,4,12.903225806451612
cl,documentation,3,9.67741935483871
cl,music,2,6.451612903225806
cl,thriller,2,6.451612903225806
cl,romance,1,3.225806451612903
cl,comedy,1,3.225806451612903
cl,sport,1,3.225806451612903
cl,family,1,3.225806451612903
cl,horror,1,3.225806451612903
cl,crime,1,3.225806451612903
cl,thriller,1,3.225806451612903
cm,drama,1,33.33333333333333
cm,romance,1,33.33333333333333
cm,comedy,1,33.33333333333333
cn,romance,33,14.41048034934498
cn,drama,29,12.663755458515283
cn,drama,21,9.170305676855897
cn,fantasy,18,7.860262008733625
cn,comedy,17,7.423580786026202
cn,action,15,6.550218340611353
cn,animation,12,5.240174672489083
cn,comedy,9,3.9301310043668125
cn,action,9,3.9301310043668125
cn,scifi,9,3.9301310043668125
cn,family,8,3.4934497816593884
cn,fantasy,7,3.056768558951965
cn,scifi,5,2.1834061135371177
cn,thriller,5,2.1834061135371177
cn,history,5,2.1834061135371177
cn,sport,4,1.7467248908296942
cn,animation,4,1.7467248908296942
cn,documentation,3,1.3100436681222707
cn,thriller,3,1.3100436681222707
cn,crime,2,0.8733624454148471
cn,romance,2,0.8733624454148471
cn,family,2,0.8733624454148471
cn,reality,1,0.43668122270742354
cn,music,1,0.43668122270742354
cn,crime,1,0.43668122270742354
cn,horror,1,0.43668122270742354
cn,war,1,0.43668122270742354
cn,war,1,0.43668122270742354
cn,european,1,0.43668122270742354
co,comedy,12,13.953488372093023
co,drama,12,13.953488372093023
co,drama,11,12.790697674418606
co,crime,9,10.465116279069768
co,thriller,6,6.976744186046512
co,comedy,4,4.651162790697675
co,action,4,4.651162790697675
co,action,4,4.651162790697675
co,"",3,3.488372093023256
co,romance,2,2.3255813953488373
co,music,2,2.3255813953488373
co,history,2,2.3255813953488373
co,romance,2,2.3255813953488373
co,thriller,2,2.3255813953488373
co,documentation,2,2.3255813953488373
co,crime,2,2.3255813953488373
co,war,1,1.1627906976744187
co,scifi,1,1.1627906976744187
co,history,1,1.1627906976744187
co,scifi,1,1.1627906976744187
co,fantasy,1,1.1627906976744187
co,family,1,1.1627906976744187
co,horror,1,1.1627906976744187
cu,documentation,1,100.0
cz,european,3,30.0
cz,drama,2,20.0
cz,comedy,1,10.0
cz,romance,1,10.0
cz,music,1,10.0
cz,thriller,1,10.0
cz,history,1,10.0
de,european,30,12.875536480686694
de,drama,28,12.017167381974248
de,drama,19,8.15450643776824
de,thriller,18,7.725321888412018
de,comedy,15,6.437768240343347
de,comedy,12,5.150214592274678
de,crime,11,4.721030042918455
de,documentation,11,4.721030042918455
de,romance,11,4.721030042918455
de,crime,8,3.4334763948497855
de,action,8,3.4334763948497855
de,thriller,7,3.004291845493562
de,scifi,6,2.575107296137339
de,documentation,6,2.575107296137339
de,history,6,2.575107296137339
de,scifi,5,2.1459227467811157
de,fantasy,5,2.1459227467811157
de,action,4,1.7167381974248928
de,horror,3,1.2875536480686696
de,music,3,1.2875536480686696
de,family,3,1.2875536480686696
de,horror,3,1.2875536480686696
de,reality,3,1.2875536480686696
de,animation,2,0.8583690987124464
de,war,2,0.8583690987124464
de,romance,1,0.4291845493562232
de,family,1,0.4291845493562232
de,fantasy,1,0.4291845493562232
de,sport,1,0.4291845493562232
dk,european,7,14.893617021276595
dk,drama,7,14.893617021276595
dk,drama,4,8.51063829787234
dk,thriller,3,6.382978723404255
dk,scifi,2,4.25531914893617
dk,crime,2,4.25531914893617
dk,romance,2,4.25531914893617
dk,scifi,2,4.25531914893617
dk,history,2,4.25531914893617
dk,family,2,4.25531914893617
dk,comedy,1,2.127659574468085
dk,fantasy,1,2.127659574468085
dk,documentation,1,2.127659574468085
dk,thriller,1,2.127659574468085
dk,fantasy,1,2.127659574468085
dk,music,1,2.127659574468085
dk,comedy,1,2.127659574468085
dk,documentation,1,2.127659574468085
dk,animation,1,2.127659574468085
dk,war,1,2.127659574468085
dk,animation,1,2.127659574468085
dk,horror,1,2.127659574468085
dk,crime,1,2.127659574468085
dk,action,1,2.127659574468085
dz,crime,1,50.0
dz,drama,1,50.0
eg,drama,18,18.0
eg,comedy,17,17.0
eg,romance,10,10.0
eg,drama,9,9.0
eg,crime,6,6.0
eg,action,5,5.0
eg,thriller,5,5.0
eg,comedy,5,5.0
eg,history,5,5.0
eg,thriller,4,4.0
eg,romance,3,3.0
eg,european,2,2.0
eg,family,2,2.0
eg,fantasy,1,1.0
eg,documentation,1,1.0
eg,animation,1,1.0
eg,documentation,1,1.0
eg,war,1,1.0
eg,fantasy,1,1.0
eg,music,1,1.0
eg,horror,1,1.0
eg,scifi,1,1.0
es,european,90,16.2748643761302
es,drama,57,10.30741410488246
es,drama,42,7.59493670886076
es,comedy,40,7.233273056057866
es,thriller,39,7.05244122965642
es,action,31,5.605786618444846
es,crime,30,5.424954792043399
es,thriller,26,4.701627486437613
es,fantasy,22,3.9783001808318263
es,documentation,21,3.79746835443038
es,romance,20,3.616636528028933
es,comedy,15,2.7124773960216997
es,crime,14,2.5316455696202533
es,history,12,2.1699819168173597
es,family,11,1.9891500904159132
es,horror,11,1.9891500904159132
es,animation,7,1.2658227848101267
es,romance,6,1.0849909584086799
es,reality,6,1.0849909584086799
es,war,6,1.0849909584086799
es,music,6,1.0849909584086799
es,scifi,6,1.0849909584086799
es,scifi,6,1.0849909584086799
es,documentation,5,0.9041591320072333
es,action,4,0.7233273056057866
es,sport,4,0.7233273056057866
es,horror,4,0.7233273056057866
es,fantasy,3,0.5424954792043399
es,animation,3,0.5424954792043399
es,music,2,0.3616636528028933
es,family,1,0.18083182640144665
es,war,1,0.18083182640144665
es,sport,1,0.18083182640144665
es,reality,1,0.18083182640144665
fi,drama,2,14.285714285714285
fi,crime,2,14.285714285714285
fi,european,2,14.285714285714285
fi,family,1,7.142857142857142
fi,crime,1,7.142857142857142
fi,drama,1,7.142857142857142
fi,comedy,1,7.142857142857142
fi,action,1,7.142857142857142
fi,fantasy,1,7.142857142857142
fi,animation,1,7.142857142857142
fi,thriller,1,7.142857142857142
fr,european,77,15.909090909090908
fr,drama,46,9.50413223140496
fr,comedy,42,8.677685950413224
fr,drama,38,7.851239669421488
fr,crime,25,5.1652892561983474
fr,thriller,23,4.75206611570248
fr,comedy,21,4.338842975206612
fr,documentation,20,4.132231404958678
fr,romance,19,3.925619834710744
fr,action,16,3.3057851239669422
fr,family,16,3.3057851239669422
fr,thriller,16,3.3057851239669422
fr,animation,14,2.8925619834710745
fr,fantasy,14,2.8925619834710745
fr,animation,10,2.066115702479339
fr,history,9,1.859504132231405
fr,action,9,1.859504132231405
fr,scifi,8,1.6528925619834711
fr,horror,8,1.6528925619834711
fr,crime,8,1.6528925619834711
fr,documentation,6,1.2396694214876034
fr,scifi,6,1.2396694214876034
fr,sport,5,1.0330578512396695
fr,reality,4,0.8264462809917356
fr,horror,4,0.8264462809917356
fr,romance,4,0.8264462809917356
fr,music,4,0.8264462809917356
fr,war,3,0.6198347107438017
fr,music,3,0.6198347107438017
fr,fantasy,3,0.6198347107438017
fr,western,2,0.4132231404958678
fr,family,1,0.2066115702479339
gb,comedy,66,8.450704225352112
gb,drama,61,7.810499359795134
gb,drama,58,7.426376440460948
gb,european,57,7.298335467349553
gb,thriller,52,6.658130601792574
gb,documentation,50,6.402048655569782
gb,comedy,34,4.353393085787452
gb,history,32,4.097311139564661
gb,family,32,4.097311139564661
gb,fantasy,28,3.585147247119078
gb,documentation,27,3.4571062740076828
gb,crime,26,3.329065300896287
gb,crime,26,3.329065300896287
gb,romance,25,3.201024327784891
gb,action,24,3.0729833546734953
gb,war,21,2.6888604353393086
gb,thriller,19,2.4327784891165174
gb,animation,18,2.3047375160051216
gb,scifi,14,1.792573623559539
gb,animation,13,1.6645326504481435
gb,horror,13,1.6645326504481435
gb,reality,12,1.5364916773367476
gb,action,12,1.5364916773367476
gb,scifi,11,1.4084507042253522
gb,music,10,1.2804097311139564
gb,romance,9,1.1523687580025608
gb,sport,7,0.8962868117797695
gb,war,5,0.6402048655569782
gb,fantasy,5,0.6402048655569782
gb,horror,5,0.6402048655569782
gb,music,3,0.3841229193341869
gb,family,3,0.3841229193341869
gb,"",2,0.2560819462227913
gb,reality,1,0.12804097311139565
ge,documentation,1,100.0
gh,comedy,2,40.0
gh,drama,1,20.0
gh,european,1,20.0
gh,romance,1,20.0
gl,comedy,1,33.33333333333333
gl,drama,1,33.33333333333333
gl,european,1,33.33333333333333
gt,documentation,1,100.0
hk,action,9,11.538461538461538
hk,comedy,9,11.538461538461538
hk,drama,9,11.538461538461538
hk,comedy,7,8.974358974358974
hk,drama,7,8.974358974358974
hk,romance,5,6.41025641025641
hk,thriller,5,6.41025641025641
hk,action,4,5.128205128205128
hk,crime,4,5.128205128205128
hk,fantasy,3,3.8461538461538463
hk,romance,2,2.564102564102564
hk,family,2,2.564102564102564
hk,thriller,2,2.564102564102564
hk,history,2,2.564102564102564
hk,scifi,2,2.564102564102564
hk,crime,1,1.282051282051282
hk,animation,1,1.282051282051282
hk,european,1,1.282051282051282
hk,sport,1,1.282051282051282
hk,fantasy,1,1.282051282051282
hk,scifi,1,1.282051282051282
hr,action,1,33.33333333333333
hr,crime,1,33.33333333333333
hr,drama,1,33.33333333333333
hu,fantasy,1,14.285714285714285
hu,drama,1,14.285714285714285
hu,drama,1,14.285714285714285
hu,action,1,14.285714285714285
hu,romance,1,14.285714285714285
hu,thriller,1,14.285714285714285
hu,"",1,14.285714285714285
id,drama,25,18.38235294117647
id,drama,20,14.705882352941178
id,romance,13,9.558823529411764
id,comedy,12,8.823529411764707
id,romance,11,8.088235294117647
id,comedy,7,5.147058823529411
id,thriller,6,4.411764705882353
id,thriller,5,3.6764705882352944
id,family,5,3.6764705882352944
id,action,5,3.6764705882352944
id,horror,4,2.941176470588235
id,fantasy,4,2.941176470588235
id,horror,4,2.941176470588235
id,music,2,1.4705882352941175
id,music,2,1.4705882352941175
id,history,2,1.4705882352941175
id,documentation,2,1.4705882352941175
id,european,2,1.4705882352941175
id,documentation,1,0.7352941176470588
id,sport,1,0.7352941176470588
id,crime,1,0.7352941176470588
id,scifi,1,0.7352941176470588
id,animation,1,0.7352941176470588
ie,european,6,18.181818181818183
ie,drama,5,15.151515151515152
ie,comedy,4,12.121212121212121
ie,animation,3,9.090909090909092
ie,family,2,6.0606060606060606
ie,drama,2,6.0606060606060606
ie,history,1,3.0303030303030303
ie,animation,1,3.0303030303030303
ie,war,1,3.0303030303030303
ie,crime,1,3.0303030303030303
ie,sport,1,3.0303030303030303
ie,family,1,3.0303030303030303
ie,comedy,1,3.0303030303030303
ie,documentation,1,3.0303030303030303
ie,action,1,3.0303030303030303
ie,thriller,1,3.0303030303030303
ie,romance,1,3.0303030303030303
il,drama,7,25.0
il,drama,3,10.714285714285714
il,action,3,10.714285714285714
il,action,3,10.714285714285714
il,thriller,3,10.714285714285714
il,thriller,2,7.142857142857142
il,crime,1,3.571428571428571
il,documentation,1,3.571428571428571
il,war,1,3.571428571428571
il,comedy,1,3.571428571428571
il,comedy,1,3.571428571428571
il,crime,1,3.571428571428571
il,war,1,3.571428571428571
in,drama,241,15.024937655860349
in,drama,230,14.33915211970075
in,comedy,155,9.663341645885287
in,romance,130,8.104738154613466
in,action,126,7.855361596009976
in,crime,117,7.294264339152119
in,comedy,106,6.608478802992519
in,thriller,96,5.985037406483791
in,thriller,80,4.987531172069826
in,romance,65,4.052369077306733
in,family,35,2.182044887780549
in,action,27,1.683291770573566
in,crime,24,1.4962593516209477
in,sport,21,1.3092269326683292
in,fantasy,18,1.1221945137157108
in,animation,14,0.8728179551122194
in,history,13,0.8104738154613467
in,horror,13,0.8104738154613467
in,fantasy,12,0.7481296758104738
in,music,11,0.6857855361596009
in,european,9,0.5610972568578554
in,documentation,9,0.5610972568578554
in,horror,9,0.5610972568578554
in,scifi,8,0.4987531172069825
in,documentation,7,0.4364089775561097
in,animation,7,0.4364089775561097
in,war,5,0.3117206982543641
in,scifi,3,0.18703241895261846
in,reality,3,0.18703241895261846
in,family,2,0.12468827930174563
in,music,2,0.12468827930174563
in,war,2,0.12468827930174563
in,sport,1,0.062344139650872814
in,"",1,0.062344139650872814
in,history,1,0.062344139650872814
in,western,1,0.062344139650872814
in south korea on q tv,in finland on jim,1,100.0
io,reality,2,40.0
io,drama,1,20.0
io,romance,1,20.0
io,comedy,1,20.0
iq,war,1,33.33333333333333
iq,drama,1,33.33333333333333
iq,action,1,33.33333333333333
is,drama,3,23.076923076923077
is,thriller,2,15.384615384615385
is,european,1,7.6923076923076925
is,crime,1,7.6923076923076925
is,comedy,1,7.6923076923076925
is,thriller,1,7.6923076923076925
is,drama,1,7.6923076923076925
is,scifi,1,7.6923076923076925
is,crime,1,7.6923076923076925
is,scifi,1,7.6923076923076925
it,drama,21,13.90728476821192
it,european,15,9.933774834437086
it,comedy,14,9.271523178807946
it,drama,13,8.609271523178808
it,romance,9,5.960264900662252
it,comedy,8,5.298013245033113
it,thriller,8,5.298013245033113
it,crime,6,3.9735099337748347
it,documentation,6,3.9735099337748347
it,romance,5,3.3112582781456954
it,animation,4,2.6490066225165565
it,family,4,2.6490066225165565
it,action,4,2.6490066225165565
it,sport,4,2.6490066225165565
it,fantasy,3,1.9867549668874174
it,scifi,3,1.9867549668874174
it,crime,3,1.9867549668874174
it,documentation,3,1.9867549668874174
it,horror,2,1.3245033112582782
it,fantasy,2,1.3245033112582782
it,action,2,1.3245033112582782
it,reality,2,1.3245033112582782
it,horror,2,1.3245033112582782
it,scifi,2,1.3245033112582782
it,thriller,2,1.3245033112582782
it,history,2,1.3245033112582782
it,war,1,0.6622516556291391
it,music,1,0.6622516556291391
it has become a pop culture phenomenon,"for \\\"outstanding comedy programme\\\" and the \\\"best television drama series\\\" award at the australian film institute awards. in australia",1,100.0
japanese,puerto rican,1,100.0
jo,drama,1,16.666666666666664
jo,horror,1,16.666666666666664
jo,thriller,1,16.666666666666664
jo,scifi,1,16.666666666666664
jo,drama,1,16.666666666666664
jo,fantasy,1,16.666666666666664
jp,animation,150,14.677103718199607
jp,drama,106,10.371819960861057
jp,action,101,9.882583170254403
jp,fantasy,87,8.512720156555773
jp,scifi,68,6.653620352250488
jp,comedy,66,6.457925636007827
jp,drama,54,5.283757338551859
jp,action,49,4.794520547945205
jp,scifi,45,4.403131115459883
jp,thriller,42,4.10958904109589
jp,romance,40,3.9138943248532287
jp,family,32,3.131115459882583
jp,animation,27,2.6418786692759295
jp,fantasy,23,2.2504892367906066
jp,horror,22,2.152641878669276
jp,crime,19,1.8590998043052838
jp,comedy,19,1.8590998043052838
jp,reality,10,0.9784735812133072
jp,war,10,0.9784735812133072
jp,music,9,0.8806262230919765
jp,sport,8,0.7827788649706457
jp,documentation,6,0.5870841487279843
jp,thriller,4,0.3913894324853229
jp,romance,4,0.3913894324853229
jp,crime,4,0.3913894324853229
jp,documentation,3,0.29354207436399216
jp,history,3,0.29354207436399216
jp,"",2,0.19569471624266144
jp,music,2,0.19569471624266144
jp,european,2,0.19569471624266144
jp,western,2,0.19569471624266144
jp,horror,2,0.19569471624266144
jp,family,1,0.09784735812133072
ke,comedy,2,33.33333333333333
ke,drama,1,16.666666666666664
ke,family,1,16.666666666666664
ke,romance,1,16.666666666666664
ke,scifi,1,16.666666666666664
kg,drama,1,50.0
kg,documentation,1,50.0
kh,war,1,20.0
kh,history,1,20.0
kh,drama,1,20.0
kh,action,1,20.0
kh,comedy,1,20.0
kr,drama,79,13.322091062394604
kr,drama,68,11.467116357504215
kr,romance,65,10.961214165261383
kr,comedy,46,7.75716694772344
kr,thriller,40,6.745362563237774
kr,fantasy,35,5.902192242833052
kr,comedy,35,5.902192242833052
kr,action,27,4.5531197301854975
kr,crime,23,3.87858347386172
kr,action,20,3.372681281618887
kr,horror,17,2.866779089376054
kr,scifi,16,2.6981450252951094
kr,thriller,16,2.6981450252951094
kr,scifi,16,2.6981450252951094
kr,crime,12,2.0236087689713322
kr,history,10,1.6863406408094435
kr,animation,9,1.5177065767284992
kr,family,9,1.5177065767284992
kr,music,8,1.3490725126475547
kr,animation,6,1.0118043844856661
kr,documentation,5,0.8431703204047217
kr,reality,5,0.8431703204047217
kr,"",4,0.6745362563237773
kr,war,3,0.5059021922428331
kr,reality,3,0.5059021922428331
kr,fantasy,3,0.5059021922428331
kr,romance,3,0.5059021922428331
kr,family,3,0.5059021922428331
kr,horror,2,0.33726812816188867
kr,war,2,0.33726812816188867
kr,european,1,0.16863406408094433
kr,documentation,1,0.16863406408094433
kr,sport,1,0.16863406408094433
kw,drama,3,20.0
kw,drama,2,13.333333333333334
kw,action,2,13.333333333333334
kw,comedy,2,13.333333333333334
kw,comedy,1,6.666666666666667
kw,thriller,1,6.666666666666667
kw,scifi,1,6.666666666666667
kw,fantasy,1,6.666666666666667
kw,crime,1,6.666666666666667
kw,romance,1,6.666666666666667
lb,drama,9,25.0
lb,drama,5,13.88888888888889
lb,comedy,4,11.11111111111111
lb,documentation,3,8.333333333333332
lb,action,2,5.555555555555555
lb,crime,2,5.555555555555555
lb,comedy,2,5.555555555555555
lb,romance,2,5.555555555555555
lb,family,1,2.7777777777777777
lb,european,1,2.7777777777777777
lb,history,1,2.7777777777777777
lb,thriller,1,2.7777777777777777
lb,action,1,2.7777777777777777
lb,music,1,2.7777777777777777
lb,romance,1,2.7777777777777777
lebanon,war,1,100.0
lt,drama,1,20.0
lt,history,1,20.0
lt,documentation,1,20.0
lt,european,1,20.0
lt,war,1,20.0
lu,crime,1,14.285714285714285
lu,animation,1,14.285714285714285
lu,european,1,14.285714285714285
lu,fantasy,1,14.285714285714285
lu,thriller,1,14.285714285714285
lu,family,1,14.285714285714285
lu,drama,1,14.285714285714285
ma,european,1,20.0
ma,comedy,1,20.0
ma,music,1,20.0
ma,war,1,20.0
ma,drama,1,20.0
mu,comedy,1,20.0
mu,animation,1,20.0
mu,fantasy,1,20.0
mu,family,1,20.0
mu,scifi,1,20.0
mw,history,1,50.0
mw,drama,1,50.0
mx,comedy,35,15.695067264573993
mx,drama,33,14.798206278026907
mx,drama,19,8.520179372197308
mx,documentation,16,7.174887892376682
mx,crime,16,7.174887892376682
mx,thriller,15,6.726457399103139
mx,comedy,13,5.829596412556054
mx,history,7,3.1390134529147984
mx,romance,7,3.1390134529147984
mx,fantasy,6,2.690582959641256
mx,family,6,2.690582959641256
mx,action,5,2.242152466367713
mx,documentation,5,2.242152466367713
mx,action,5,2.242152466367713
mx,crime,5,2.242152466367713
mx,animation,3,1.345291479820628
mx,european,3,1.345291479820628
mx,sport,2,0.8968609865470852
mx,reality,2,0.8968609865470852
mx,war,2,0.8968609865470852
mx,horror,2,0.8968609865470852
mx,thriller,2,0.8968609865470852
mx,music,2,0.8968609865470852
mx,scifi,2,0.8968609865470852
mx,romance,2,0.8968609865470852
mx,horror,2,0.8968609865470852
mx,war,1,0.4484304932735426
mx,western,1,0.4484304932735426
mx,fantasy,1,0.4484304932735426
mx,animation,1,0.4484304932735426
mx,family,1,0.4484304932735426
mx,scifi,1,0.4484304932735426
my,drama,11,37.93103448275862
my,comedy,3,10.344827586206897
my,action,2,6.896551724137931
my,romance,2,6.896551724137931
my,comedy,2,6.896551724137931
my,horror,2,6.896551724137931
my,family,2,6.896551724137931
my,drama,1,3.4482758620689653
my,crime,1,3.4482758620689653
my,scifi,1,3.4482758620689653
my,thriller,1,3.4482758620689653
my,action,1,3.4482758620689653
na,fantasy,1,50.0
na,drama,1,50.0
ng,drama,23,18.253968253968253
ng,drama,21,16.666666666666664
ng,comedy,21,16.666666666666664
ng,romance,9,7.142857142857142
ng,comedy,7,5.555555555555555
ng,romance,7,5.555555555555555
ng,crime,6,4.761904761904762
ng,thriller,6,4.761904761904762
ng,thriller,6,4.761904761904762
ng,action,3,2.380952380952381
ng,fantasy,2,1.5873015873015872
ng,action,2,1.5873015873015872
ng,horror,2,1.5873015873015872
ng,crime,2,1.5873015873015872
ng,documentation,2,1.5873015873015872
ng,fantasy,1,0.7936507936507936
ng,european,1,0.7936507936507936
ng,sport,1,0.7936507936507936
ng,family,1,0.7936507936507936
ng,music,1,0.7936507936507936
ng,history,1,0.7936507936507936
ng,scifi,1,0.7936507936507936
nick jr. in the u.s. nationwide and local station kcet-tv as well as klcs-tv channel 58-2 in los angeles and on univision in latam spanish,will continue to air on the citv channel. other broadcasters in the english speaking countries include rt√© in the republic of ireland,1,100.0
nl,drama,10,16.39344262295082
nl,european,9,14.754098360655737
nl,comedy,6,9.836065573770492
nl,drama,4,6.557377049180328
nl,romance,4,6.557377049180328
nl,war,3,4.918032786885246
nl,thriller,3,4.918032786885246
nl,crime,2,3.278688524590164
nl,family,2,3.278688524590164
nl,action,2,3.278688524590164
nl,documentation,2,3.278688524590164
nl,comedy,2,3.278688524590164
nl,horror,2,3.278688524590164
nl,thriller,2,3.278688524590164
nl,animation,1,1.639344262295082
nl,scifi,1,1.639344262295082
nl,crime,1,1.639344262295082
nl,romance,1,1.639344262295082
nl,scifi,1,1.639344262295082
nl,music,1,1.639344262295082
nl,history,1,1.639344262295082
nl,fantasy,1,1.639344262295082
no,drama,10,20.0
no,thriller,6,12.0
no,drama,4,8.0
no,thriller,3,6.0
no,comedy,3,6.0
no,comedy,3,6.0
no,european,2,4.0
no,history,2,4.0
no,crime,2,4.0
no,horror,2,4.0
no,crime,2,4.0
no,action,1,2.0
no,war,1,2.0
no,romance,1,2.0
no,music,1,2.0
no,fantasy,1,2.0
no,action,1,2.0
no,scifi,1,2.0
no,documentation,1,2.0
no,scifi,1,2.0
no,war,1,2.0
no,romance,1,2.0
now all very estranged from himself and from each other,the help of his other former friends,1,100.0
nz,action,5,17.857142857142858
nz,documentation,3,10.714285714285714
nz,drama,3,10.714285714285714
nz,drama,2,7.142857142857142
nz,thriller,2,7.142857142857142
nz,fantasy,2,7.142857142857142
nz,action,2,7.142857142857142
nz,comedy,2,7.142857142857142
nz,horror,1,3.571428571428571
nz,comedy,1,3.571428571428571
nz,scifi,1,3.571428571428571
nz,history,1,3.571428571428571
nz,western,1,3.571428571428571
nz,reality,1,3.571428571428571
nz,war,1,3.571428571428571
pe,documentation,3,17.647058823529413
pe,romance,3,17.647058823529413
pe,comedy,2,11.76470588235294
pe,horror,1,5.88235294117647
pe,action,1,5.88235294117647
pe,thriller,1,5.88235294117647
pe,sport,1,5.88235294117647
pe,drama,1,5.88235294117647
pe,thriller,1,5.88235294117647
pe,history,1,5.88235294117647
pe,comedy,1,5.88235294117647
pe,drama,1,5.88235294117647
ph,drama,28,15.300546448087433
ph,drama,24,13.114754098360656
ph,romance,24,13.114754098360656
ph,comedy,23,12.568306010928962
ph,romance,22,12.021857923497267
ph,comedy,19,10.382513661202186
ph,thriller,6,3.278688524590164
ph,action,5,2.73224043715847
ph,crime,5,2.73224043715847
ph,horror,3,1.639344262295082
ph,thriller,3,1.639344262295082
ph,documentation,2,1.092896174863388
ph,war,2,1.092896174863388
ph,crime,2,1.092896174863388
ph,fantasy,2,1.092896174863388
ph,action,2,1.092896174863388
ph,fantasy,1,0.546448087431694
ph,horror,1,0.546448087431694
ph,family,1,0.546448087431694
ph,scifi,1,0.546448087431694
ph,european,1,0.546448087431694
ph,documentation,1,0.546448087431694
ph,sport,1,0.546448087431694
ph,history,1,0.546448087431694
ph,history,1,0.546448087431694
ph,animation,1,0.546448087431694
ph,music,1,0.546448087431694
pk,drama,3,33.33333333333333
pk,family,1,11.11111111111111
pk,romance,1,11.11111111111111
pk,thriller,1,11.11111111111111
pk,action,1,11.11111111111111
pk,crime,1,11.11111111111111
pk,comedy,1,11.11111111111111
pl,drama,14,12.068965517241379
pl,drama,14,12.068965517241379
pl,comedy,13,11.206896551724139
pl,thriller,10,8.620689655172415
pl,european,9,7.758620689655173
pl,crime,8,6.896551724137931
pl,romance,5,4.310344827586207
pl,crime,5,4.310344827586207
pl,action,5,4.310344827586207
pl,thriller,5,4.310344827586207
pl,romance,4,3.4482758620689653
pl,sport,3,2.586206896551724
pl,fantasy,3,2.586206896551724
pl,scifi,2,1.7241379310344827
pl,comedy,2,1.7241379310344827
pl,action,2,1.7241379310344827
pl,scifi,2,1.7241379310344827
pl,fantasy,2,1.7241379310344827
pl,horror,2,1.7241379310344827
pl,history,1,0.8620689655172413
pl,animation,1,0.8620689655172413
pl,horror,1,0.8620689655172413
pl,music,1,0.8620689655172413
pl,animation,1,0.8620689655172413
pl,family,1,0.8620689655172413
pr,drama,1,20.0
pr,drama,1,20.0
pr,scifi,1,20.0
pr,music,1,20.0
pr,thriller,1,20.0
ps,drama,4,21.052631578947366
ps,documentation,4,21.052631578947366
ps,romance,2,10.526315789473683
ps,war,2,10.526315789473683
ps,history,2,10.526315789473683
ps,drama,1,5.263157894736842
ps,comedy,1,5.263157894736842
ps,"",1,5.263157894736842
ps,thriller,1,5.263157894736842
ps,crime,1,5.263157894736842
pt,drama,3,50.0
pt,thriller,1,16.666666666666664
pt,history,1,16.666666666666664
pt,war,1,16.666666666666664
py,crime,1,33.33333333333333
py,action,1,33.33333333333333
py,drama,1,33.33333333333333
qa,drama,5,71.42857142857143
qa,european,1,14.285714285714285
qa,crime,1,14.285714285714285
ro,european,4,21.052631578947366
ro,comedy,3,15.789473684210526
ro,drama,3,15.789473684210526
ro,romance,2,10.526315789473683
ro,thriller,2,10.526315789473683
ro,action,1,5.263157894736842
ro,comedy,1,5.263157894736842
ro,documentation,1,5.263157894736842
ro,horror,1,5.263157894736842
ro,romance,1,5.263157894736842
rs,documentation,1,100.0
ru,family,7,18.421052631578945
ru,animation,4,10.526315789473683
ru,drama,4,10.526315789473683
ru,thriller,3,7.894736842105263
ru,scifi,3,7.894736842105263
ru,drama,3,7.894736842105263
ru,comedy,2,5.263157894736842
ru,animation,2,5.263157894736842
ru,comedy,2,5.263157894736842
ru,crime,2,5.263157894736842
ru,romance,1,2.631578947368421
ru,action,1,2.631578947368421
ru,crime,1,2.631578947368421
ru,history,1,2.631578947368421
ru,fantasy,1,2.631578947368421
ru,action,1,2.631578947368421
sa,drama,5,21.73913043478261
sa,comedy,4,17.391304347826086
sa,comedy,3,13.043478260869565
sa,animation,2,8.695652173913043
sa,drama,2,8.695652173913043
sa,romance,1,4.3478260869565215
sa,scifi,1,4.3478260869565215
sa,thriller,1,4.3478260869565215
sa,romance,1,4.3478260869565215
sa,"",1,4.3478260869565215
sa,documentation,1,4.3478260869565215
sa,history,1,4.3478260869565215
se,drama,9,13.636363636363635
se,drama,8,12.121212121212121
se,crime,7,10.606060606060606
se,european,6,9.090909090909092
se,thriller,6,9.090909090909092
se,romance,5,7.575757575757576
se,comedy,5,7.575757575757576
se,comedy,4,6.0606060606060606
se,action,3,4.545454545454546
se,war,2,3.0303030303030303
se,documentation,2,3.0303030303030303
se,history,2,3.0303030303030303
se,crime,1,1.5151515151515151
se,family,1,1.5151515151515151
se,music,1,1.5151515151515151
se,reality,1,1.5151515151515151
se,scifi,1,1.5151515151515151
se,music,1,1.5151515151515151
se,horror,1,1.5151515151515151
sg,drama,13,27.659574468085108
sg,action,4,8.51063829787234
sg,thriller,4,8.51063829787234
sg,drama,3,6.382978723404255
sg,horror,3,6.382978723404255
sg,thriller,3,6.382978723404255
sg,comedy,2,4.25531914893617
sg,family,2,4.25531914893617
sg,documentation,2,4.25531914893617
sg,romance,2,4.25531914893617
sg,comedy,2,4.25531914893617
sg,crime,1,2.127659574468085
sg,horror,1,2.127659574468085
sg,animation,1,2.127659574468085
sg,scifi,1,2.127659574468085
sg,romance,1,2.127659574468085
sg,family,1,2.127659574468085
sg,european,1,2.127659574468085
sk,european,1,25.0
sk,history,1,25.0
sk,drama,1,25.0
sk,romance,1,25.0
sn,comedy,1,20.0
sn,drama,1,20.0
sn,action,1,20.0
sn,romance,1,20.0
sn,fantasy,1,20.0
sy,war,1,50.0
sy,documentation,1,50.0
th,drama,15,17.647058823529413
th,drama,10,11.76470588235294
th,thriller,9,10.588235294117647
th,romance,9,10.588235294117647
th,crime,5,5.88235294117647
th,comedy,5,5.88235294117647
th,action,4,4.705882352941177
th,comedy,4,4.705882352941177
th,horror,3,3.5294117647058822
th,horror,3,3.5294117647058822
th,crime,2,2.3529411764705883
th,fantasy,2,2.3529411764705883
th,romance,2,2.3529411764705883
th,documentation,2,2.3529411764705883
th,"",2,2.3529411764705883
th,thriller,1,1.1764705882352942
th,music,1,1.1764705882352942
th,fantasy,1,1.1764705882352942
th,scifi,1,1.1764705882352942
th,scifi,1,1.1764705882352942
th,sport,1,1.1764705882352942
th,action,1,1.1764705882352942
th,family,1,1.1764705882352942
thai,arabic,1,100.0
tr,comedy,32,17.97752808988764
tr,drama,26,14.606741573033707
tr,drama,24,13.48314606741573
tr,romance,14,7.865168539325842
tr,comedy,13,7.303370786516854
tr,action,9,5.056179775280898
tr,family,7,3.932584269662921
tr,thriller,6,3.3707865168539324
tr,crime,6,3.3707865168539324
tr,romance,6,3.3707865168539324
tr,fantasy,4,2.247191011235955
tr,history,4,2.247191011235955
tr,scifi,4,2.247191011235955
tr,action,3,1.6853932584269662
tr,war,3,1.6853932584269662
tr,crime,3,1.6853932584269662
tr,documentation,2,1.1235955056179776
tr,horror,2,1.1235955056179776
tr,war,2,1.1235955056179776
tr,documentation,2,1.1235955056179776
tr,european,2,1.1235955056179776
tr,thriller,1,0.5617977528089888
tr,scifi,1,0.5617977528089888
tr,sport,1,0.5617977528089888
tr,music,1,0.5617977528089888
tw,drama,32,25.196850393700785
tw,drama,14,11.023622047244094
tw,romance,13,10.236220472440944
tw,comedy,11,8.661417322834646
tw,thriller,7,5.511811023622047
tw,crime,6,4.724409448818897
tw,comedy,6,4.724409448818897
tw,action,4,3.149606299212598
tw,scifi,3,2.3622047244094486
tw,scifi,3,2.3622047244094486
tw,crime,3,2.3622047244094486
tw,horror,3,2.3622047244094486
tw,thriller,2,1.574803149606299
tw,fantasy,2,1.574803149606299
tw,family,2,1.574803149606299
tw,horror,2,1.574803149606299
tw,romance,2,1.574803149606299
tw,sport,2,1.574803149606299
tw,action,2,1.574803149606299
tw,documentation,2,1.574803149606299
tw,war,1,0.7874015748031495
tw,documentation,1,0.7874015748031495
tw,fantasy,1,0.7874015748031495
tw,family,1,0.7874015748031495
tw,animation,1,0.7874015748031495
tw,music,1,0.7874015748031495
tz,drama,3,100.0
ua,documentation,2,33.33333333333333
ua,action,2,33.33333333333333
ua,thriller,1,16.666666666666664
ua,comedy,1,16.666666666666664
us,comedy,568,11.366820092055233
us,drama,452,9.045427256353813
us,drama,318,6.363818290974585
us,comedy,313,6.263758254952973
us,documentation,311,6.223734240544326
us,family,252,5.043025815489294
us,action,249,4.982989793876326
us,thriller,223,4.462677606563938
us,crime,199,3.982389433660196
us,documentation,193,3.8623173904342605
us,fantasy,171,3.4220532319391634
us,romance,149,2.9817890734440664
us,animation,139,2.7816690014008403
us,thriller,138,2.761656994196518
us,scifi,132,2.641584950970582
us,horror,111,2.221332799679808
us,scifi,103,2.061236742045227
us,action,93,1.8611166700020012
us,reality,92,1.8411046627976786
us,animation,89,1.7810686411847108
us,crime,84,1.681008605163098
us,music,81,1.62097258355013
us,sport,70,1.4008405043025816
us,history,66,1.320792475485291
us,european,59,1.180708425055033
us,romance,56,1.1206724034420652
us,fantasy,54,1.0806483890334202
us,horror,49,0.980588353011807
us,family,32,0.6403842305383229
us,reality,28,0.5603362017210326
us,war,26,0.5203121873123874
us,music,26,0.5203121873123874
us,"",20,0.40024014408645187
us,western,19,0.38022813688212925
us,war,15,0.3001801080648389
us,western,15,0.3001801080648389
us,history,2,0.040024014408645184
uy,drama,1,14.285714285714285
uy,comedy,1,14.285714285714285
uy,music,1,14.285714285714285
uy,documentation,1,14.285714285714285
uy,european,1,14.285714285714285
uy,comedy,1,14.285714285714285
uy,drama,1,14.285714285714285
ve,crime,1,50.0
ve,drama,1,50.0
vn,drama,2,22.22222222222222
vn,romance,2,22.22222222222222
vn,comedy,1,11.11111111111111
vn,horror,1,11.11111111111111
vn,thriller,1,11.11111111111111
vn,crime,1,11.11111111111111
vn,music,1,11.11111111111111
xx,comedy,12,26.08695652173913
xx,drama,4,8.695652173913043
xx,comedy,4,8.695652173913043
xx,documentation,4,8.695652173913043
xx,animation,3,6.521739130434782
xx,fantasy,2,4.3478260869565215
xx,romance,2,4.3478260869565215
xx,family,2,4.3478260869565215
xx,scifi,1,2.1739130434782608
xx,crime,1,2.1739130434782608
xx,animation,1,2.1739130434782608
xx,crime,1,2.1739130434782608
xx,thriller,1,2.1739130434782608
xx,"",1,2.1739130434782608
xx,sport,1,2.1739130434782608
xx,romance,1,2.1739130434782608
xx,european,1,2.1739130434782608
xx,drama,1,2.1739130434782608
xx,action,1,2.1739130434782608
xx,scifi,1,2.1739130434782608
xx,music,1,2.1739130434782608
za,drama,12,17.91044776119403
za,comedy,8,11.940298507462686
za,thriller,7,10.44776119402985
za,comedy,6,8.955223880597014
za,drama,6,8.955223880597014
za,romance,4,5.970149253731343
za,action,4,5.970149253731343
za,crime,4,5.970149253731343
za,documentation,3,4.477611940298507
za,crime,3,4.477611940298507
za,reality,2,2.9850746268656714
za,thriller,2,2.9850746268656714
za,romance,1,1.4925373134328357
za,music,1,1.4925373134328357
za,documentation,1,1.4925373134328357
za,animation,1,1.4925373134328357
za,family,1,1.4925373134328357
za,action,1,1.4925373134328357
zw,comedy,1,50.0
zw,romance,1,50.0
