imdb_votes,tmdb_popularity
37199,61.465
1503,17.846
382,3.26
695,1.96
300,1.298
117,2.578
6283,17.721
220,1.73
1041,3.147
1003,4.912
1938,14.871
3958,4.073
6167,9.529
1483,44.986
796,43.999
5530,2.923
282373,100.866
322,7.62
767,4.471
34914,10.311
22858,23.898
273,1.911
3739,11.36
3281,9.711
60982,17.567
4173,8.68
514,2.227
11983,15.734
2482,6.269
3365,15.428
25344,6.973
33,0.72
1681,2.902
247039,40.786
64117,26.217
33246,19.825
1178,4.501
466,2.141
25,3.956
385782,49.398
9208,9.773
25077,37.982
121514,34.689
676,1.65
80198,112.545
10739,1823.374
2647,8.463
5927,17.34
3189,7.59
99,1.336
215,56.498
93314,13.936
283,7.168
497,2.761
1103,9.516
48,1.336
29,1.261
767,6.368
5516,9.07
4087,10.88
14898,25.607
168919,47.628
12441,8.384
2616,11.052
531,2.621
5919,5.396
6444,185.834
258,2.839
4872,6.426
433,3.205
517,11.615
559,12.934
344,2.022
644,9.125
1378,31.425
459,3.827
23781,5.625
571,3.675
2254,3.004
228,4.76
4067,66.921
49478,17.717
927,11.477
20838,102.201
314,1.684
9721,9.156
2231,20.068
11727,17.704
395,5.224
874,1.645
357,4.007
19456,11.202
6704,13.992
10658,8.776
86395,31.774
1626,21.305
533,10.552
15029,12.851
2158,5.673
216,4.092
133,1.509
6093,12.746
15750,12.272
48,13.391
52,2.457
21514,86.877
294,4.262
137,1.808
536,3.716
4535,52.042
1289,5.628
1854,7.754
312,2.821
233,3.593
366,27.399
1386,42.322
142,2.253
11,1.674
86614,25.422
336,40.559
1111,7.913
99192,46.304
1394,6.519
16,3.298
4308,14.915
557,31.879
19,1.264
8222,24.928
148,2.23
1159,5.253
59086,16.558
47,3.425
375,7.231
4334,11.128
59239,33.836
13267,14.16
75132,131.725
694,3.782
380,1.509
156,5.004
159,3.867
1193,15.774
145,1.941
93,7.487
314,7.483
212,22.042
248,3.255
9816,8.054
1622,5.089
69241,16.887
15428,6.405
3461,9.908
388,3.295
120389,73.108
4465,29.594
9353,116.8
376,4.878
376,2.013
336,9.253
11785,38.144
1189,8.277
6898,3.278
6258,5.018
529,163.598
7961,15.178
14048,6.136
410,4.42
38463,17.371
406,1.87
92,1.15
11241,4.538
922,1.444
320,1.082
95,0.702
163,7.629
18165,10.083
433,1.4
5306,14.406
1459,19.898
2131,15.513
3284,6.595
1100,6.473
361,4.318
66,3.669
11971,26.746
1625,6.118
131,7.998
946,2.244
5096,10.176
173,5.696
209,2.203
144,1.76
65,1.178
330,2.401
54750,25.491
5378,7.157
496,7.408
3808,23.374
382,1.217
1119,10.365
194,2.765
63,2.091
8,0.6
52180,152.738
124972,18.619
29571,163.519
12339,267.501
8223,40.022
15125,63.255
18057,190.822
11,0.6
49,3.856
4022,36.228
852,3.331
6005,11.023
8902,4.372
121,1.156
674,2.075
321,1.557
1349,9.607
271,1.992
231,2.718
2567,16.875
4671,6.455
1871,2.265
14380,5.874
5620,8.167
6121,27.887
1201,25.835
5708,76.499
14839,7.608
68,1.403
386,2.535
1968,1.4
69,1.132
371,12.17
157,2.072
139,1.505
17305,13.149
4687,42.726
643,3.021
1689,1.736
101,0.946
33,0.606
1185,5.462
19834,4.029
6925,6.777
1828,5.408
4874,6.463
4959,5.827
31577,15.686
555,2.554
532,3.049
47651,70.971
293,12.66
3460,18.522
3509,17.867
566,2.513
708,1.987
9704,65.499
217,5.748
3627,8.057
1416,1.804
2840,301.572
2008,41.022
559,6.454
1564,7.403
6126,11.666
4182,7.74
41393,678.734
28355,56.467
1269,11.958
523,2.598
334,4.81
2323,2.433
870,8.845
1087,4.522
4622,31.271
451,2.618
1432,229.844
14272,16.15
55,1.349
162018,59.428
6030,101.184
372,4.031
2406,17.337
23969,11.45
356,3.077
4397,5.262
4303,11.572
797,3.17
1281,11.337
17843,12.812
6165,62.164
21415,13.07
1032,3.435
26355,20.519
6904,9.419
89912,15.041
29972,20.845
289,167.727
250,2.099
225,2.047
3812,5.715
9753,7.927
307,3.404
4911,17.807
1113,2.547
504,2.184
5457,6.295
1594,7.251
139,5.818
2827,40.403
604,5.923
260,2.385
103459,31.57
16425,40.449
20595,5.861
79,0.84
3020,8.454
1683,5.896
3095,5.162
88359,8.457
3679,3.527
201,2.604
3120,7.002
5901,3.172
13848,19.033
1434,39.273
1156,3.11
800,12.303
436,27.957
493,5.362
1071,1.486
857,3.401
3352,30.595
4367,17.731
928,4.907
398,5.792
6465,3.143
5018,3.939
686,3.318
853,9.082
11330,4.595
9400,6.2
129883,53.874
51001,147.762
1295,10.053
44866,15.857
42608,33.558
1541,57.014
35108,98.27
1769,22.672
3547,4.938
664,1.209
1128,4.756
3709,2.972
155,2.113
118479,13.825
1582,14.627
293,3.4
4736,2.43
4932,12.34
51038,20.664
12112,11.944
3813,6.41
42,1.4
7629,5.317
42,2.055
175412,138.891
284,10.207
43068,99.77
2151,75.625
2450,15.818
3994,8.343
600392,17.419
261,3.509
14,3.895
1079,29.882
634,10.152
71036,205.963
166882,128.616
297552,54.388
425716,125.061
4200,27.955
58296,15.795
32336,7.875
765,2.023
1090,16.881
904,3.931
70087,50.633
1875,25.4
1183,10.666
289,1.659
870,13.727
4445,1.607
737,4.968
2279,18.93
168,4.686
591,1.557
39,1.908
7,4.985
10544,11.436
9306,9.961
325381,139.388
3090,3.813
81643,40.8
1867,6.316
6586,8.819
6140,6.338
603,3.905
486,8.145
475,9.386
53131,217.7
297336,61.284
479,2.421
15426,11.706
2528,3.988
20828,177.612
759,4.913
137549,13.761
8309,5.361
23706,34.725
4967,2.596
2182,2.268
128,0.618
204,5.503
3980,6.539
3247,6.299
1964,3.915
5111,4.635
475,2.913
4803,34.155
5706,309.314
9440,72.782
6319,12.662
2478,21.827
1215,13.537
3174,36.236
4783,3.054
8826,13.824
5270,2.84
854,0.846
10990,49.167
198,3.514
63,0.6
23256,25.424
815,11.29
680,11.158
574,7.725
106,4.257
94,0.6
7328,215.229
615,2.522
9593,11.787
3010,2.596
20430,18.912
29,4.467
5407,10.296
1912,2.785
23979,97.195
2062,4.076
15032,5.185
27130,7.353
4296,15.047
651,5.274
1483,323.144
1004,5.68
220,26.814
3190,8.441
35,1.097
1273,2.835
281,34.653
17,0.926
199,4.392
57,3.737
306,18.873
15,1.379
1681,1.775
23180,60.811
258,182.312
525,34.003
1806,18.766
442,72.312
448,7.098
749,2.518
13210,7.616
23011,9.807
80643,9.311
9955,46.955
7116,10.953
1165,61.671
614,3.31
42763,14.921
1065,4.324
55806,29.498
4139,13.146
60,6.992
313,570.879
426,2.537
246008,44.046
549,3.058
2884,5.686
19332,21.561
80129,11.978
522,6.351
5122,14.674
294,3.422
4168,11.127
25253,79.676
6305,10.73
389,0.992
1100,7.089
67748,12.377
45243,13.359
161,2.211
154049,17.267
57514,27.95
124,2.389
21843,12.841
106,1.104
4478,7.006
2114,11.756
376,1.507
18840,57.516
1222,18.311
947,4.624
314,4.813
4544,12.438
858,5.634
24733,10.605
533,5.891
12278,15.761
10257,13.833
9942,53.956
1913,4.051
2307,3.406
1513,2.851
515,1.733
74,3.951
1357,2.699
601,3.282
297,5.331
8884,11.096
705,4.481
404920,352.657
8711,20.096
9059,26.43
172,0.776
31193,9.934
156,1.112
2776,14.702
21540,9.565
1883,29.563
195,1.314
1007,3.356
353,4.036
8587,3.874
457,8.763
51,12.271
435503,21.904
74660,68.109
577,4.904
1936,11.432
12046,65.327
6986,84.672
118,4.684
2609,13.949
4934,13.293
888,2.16
7367,9.946
7954,6.968
10649,6.247
7123,5.351
7370,7.25
3085,3.88
7233,9.87
1208,5.059
11747,7.659
118,2.535
9346,13.252
325194,38.353
781,3.189
249,2.403
8112,21.99
3274,18.993
74,0.6
302,9.613
1544,7.192
1856,27.454
17101,944.405
295,2.297
129,2.334
4790,13.209
20611,7.425
459,12.706
292,2.068
2697,72.304
24646,67.65
515577,74.102
123377,14.353
5975,47.857
1758,3.891
10705,13.547
28657,28.71
58192,57.038
267181,47.411
214461,50.32
539864,61.861
175210,34.514
7968,41.231
133,4.741
116,2.467
11406,21.592
2151,32.64
2416,45.266
665,1.323
3255,5.84
172,1.627
2608,6.769
145,1.72
906,12.154
536858,40.209
1533,29.476
140,3.209
44006,65.137
815,3.38
33051,26.858
50028,24.67
255099,19.789
2876,11.497
466,1.941
722,5.328
12741,44.755
17033,8.648
6432,28.612
1712,17.658
6313,3.463
44074,12.489
14356,7.462
11488,5.747
118,4.221
143584,92.62
5674,11.287
349,17.987
2310,2.862
1759,4.283
350,0.789
224896,16.693
25592,7.043
52,2.095
743,33.482
2846,7.771
418,1.632
12512,3.771
4841,3.164
608,2.118
5372,4.856
61,5.868
4126,6.827
15871,19.611
111189,15.309
15,16.037
390,4.85
160,3.193
3999,10.958
10371,15.878
2074,77.652
23523,21.761
168,1.992
118,1.867
256,2.736
492,1.902
279,2.526
11059,4.795
424,5.461
603,1.009
47,3.816
11579,75.209
151,2.044
1884,3.764
21164,22.162
415,3.041
14449,94.346
772,10.036
11224,276.527
1144,8.98
4227,3.898
1045,4.356
1727694,337.419
2534,10.217
928,3.571
7,3.557
688,2.743
1516,4.22
1944,5.258
679,4.316
601,3.399
42137,31.413
584,2.244
51,2.351
122036,206.258
183841,25.593
800,47.933
3759,1.758
6612,10.209
144,92.686
1054,7.768
5778,5.101
147,1.698
12886,4.823
13968,42.403
2468,62.08
2893,9.736
61,2.003
1076,3.107
489,3.463
1479,1.584
11654,42.753
384,1.05
1897,41.943
9954,15.152
609,11.678
10266,8.112
1145,1.542
339,1.4
3718,16.116
630,2.744
2828,11.741
898,14.488
10490,10.799
1874,5.205
296,1.144
20541,9.388
154,1.465
3973,3.541
999,2.651
445,20.737
91560,36.891
117333,51.091
1115,2.021
6562,2.096
3064,3.241
450,5.965
13855,65.44
9608,33.009
4346,4.851
4385,3.556
27622,9.063
17735,12.921
6162,3.005
13331,15.398
25562,24.955
5396,7.877
828,3.934
31042,16.174
303,2.384
688,7.985
16049,12.18
880,1.537
889,4.321
4950,12.039
886,1.4
1172,4.6
3922,2.624
4355,8.731
960,10.233
80,4.947
155,13.865
724,3.779
10024,8.898
2550,7.246
4936,53.714
82,4.256
2906,2.516
58,1.818
116,3.006
232,3.98
212,4.216
2375,16.289
5557,24.674
885,27.647
1979,16.589
97,2.394
11311,12.509
2688,2.178
644336,41.332
5384,10.671
61114,97.7
266,4.257
26157,9.67
30,0.84
552,1.972
2908,22.866
6251,8.919
4292,15.73
1265,44.358
681,1.851
2206,25.894
6680,3.099
750,2.513
1939,9.714
2837,2.947
14,1.24
6778,18.289
15379,9.044
6732,1.839
6199,5.065
8380,14.065
3736,8.869
2968,2.548
12303,5.849
54633,27.157
414,3.465
62140,13.557
247192,110.843
3274,33.647
4256,11.739
465995,156.231
148,2.985
16091,126.643
3467,13.039
5121,3.114
501,1.968
5143,10.875
18,2.269
129,5.449
6145,10.286
166,1.321
15176,16.397
981,2.73
1723,2.151
2051,19.427
2471,4.073
1165,3.445
53293,9.481
822,3.0
5,0.963
13,2.025
33,1.077
310,1.229
41,0.704
31,0.6
24142,101.31
1383,4.432
39,16.249
269,2.748
133,78.564
633,7.305
170,3.074
589,2.809
74,1.174
2622,20.711
1524,16.105
7686,4.453
90327,124.52
155,12.51
1087,1.817
72916,10.688
297,5.246
5333,2.882
14911,45.532
4689,5.393
127,2.194
12,0.893
1535,4.419
1720,2.801
1772,2.156
286,1.4
6816,7.142
1936,5.081
941,4.556
14977,8.408
1428,3.677
1359,10.138
702,6.925
11693,18.065
5913,11.074
1414,5.892
1627,8.263
4544,11.557
49090,13.399
1503,4.043
718,1.958
10528,4.791
1046,12.797
3663,23.344
2416,2.638
52925,12.217
4571,9.292
958,6.216
1615,5.868
10,3.701
1299,10.181
525,2.208
2374,3.914
1991,52.364
32,0.709
5571,3.639
1543,4.316
1246,16.42
41052,9.202
98,4.49
50140,60.49
128179,20.292
7904,14.594
950,7.169
24063,16.264
2607,9.299
218,2.87
215678,55.362
2281,6.12
226225,54.58
100637,41.511
5514,31.739
816,4.798
143670,26.022
583,2.274
952,4.071
163858,385.985
60,0.84
3696,10.838
2624,3.628
39,1.4
522,6.492
11,0.605
38850,20.42
62367,36.627
5109,22.785
2217,4.601
13469,9.863
385,2.029
2638,12.576
211,2.358
716,3.236
990,3.746
465,1.542
7021,32.746
17304,15.543
99053,25.719
2287,8.424
6948,5.927
12363,26.158
4049,33.096
1087,2.275
33714,6.452
252564,48.311
8517,12.41
966,61.214
38,1.046
2256,7.895
367,2.731
300074,26.205
8235,83.181
252,9.258
3984,534.857
27439,12.764
337,1.397
43,4.669
340,3.838
1055,4.166
32547,10.384
87673,10.863
13135,6.0
2223,8.891
265023,96.975
12284,111.295
1654,4.549
1642,4.827
903,15.712
3301,9.488
169,0.777
21,0.919
474,2.382
4598,13.765
35427,19.747
24845,10.13
293,2.967
3260,15.734
1492,218.835
995,3.054
18546,6.846
5435,29.312
438,2.768
828,3.591
15,4.694
19738,37.838
507878,30.363
4985,5.479
577,14.162
23,0.84
52233,13.284
24468,13.772
1826,25.533
699,1.4
850,17.886
803,11.594
3355,6.297
16799,27.734
934,2.376
189191,401.416
5108,5.923
17992,15.499
143899,23.276
7264,12.886
845,4.083
23327,11.071
634,4.038
19275,22.951
21382,7.89
36,2.605
4715,8.738
20,19.717
663,10.833
29446,39.313
2521,16.92
30030,10.726
217,5.13
479,0.718
249,2.807
606,2.164
37,1.869
1193,20.123
101178,120.753
302147,104.037
1020,7.645
17429,38.415
55,2.918
50236,10.461
904,3.607
3708,4.722
5635,8.898
1853,5.64
1058,12.061
15,1.901
39,0.947
3490,3.444
8111,10.571
1483,5.384
339,4.549
4236,18.282
1590,6.673
1672,28.324
585,288.515
180247,14.572
3514,7.748
16731,10.872
3387,3.355
71,4.446
98,1.124
91,2.306
5098,24.114
354443,152.46
138,1.97
7135,180.627
586,3.696
41867,26.367
262998,53.366
75139,25.799
7158,11.337
590,1.044
193208,22.688
129,3.689
2284,16.528
16978,20.229
13140,8.133
1204,6.125
1766,69.452
900,2.385
2753,2.962
25687,12.023
24903,9.182
71,2.141
31180,14.834
196,2.744
20005,7.275
1647,4.239
552,4.511
687,82.021
712,43.241
11841,26.557
19398,20.154
110,1.469
427,3.191
19684,9.747
73110,26.891
1303,8.174
8762,16.444
462,14.943
659,5.143
6143,9.199
1195,8.844
355,4.472
388,1.126
24863,20.722
240,1.75
83519,43.924
49599,11.687
629,2.757
6041,42.246
38301,12.812
14315,10.912
4230,19.304
27797,13.817
6379,3.979
3524,2.177
7179,3.05
1380,89.327
374,1.586
1096,3.101
157,2.673
3205,18.683
1887,8.911
29578,5.908
18732,6.231
7683,3.091
4315,4.801
2554,4.645
11138,8.685
2163,4.491
1697,4.156
88265,131.109
14882,6.835
107701,55.531
863,11.511
82,1.4
60779,24.079
883,3.044
1049,3.184
11,1.4
31976,9.748
1031,3.147
1786,7.887
3637,10.75648
28718,27.308
88019,51.752
1201,5.067
183638,19.718
10030,8.691
4885,10.917
28933,11.066
2825,3.928
496,6.035
30389,5.614
18575,68.38
1262,15.424
39620,84.164
2603,4.743
3893,2.514
2237,2.129
247,0.6
320,1.22
812,1.782
2521,17.443
138,16.282
1189,5.947
6390,7.373
40289,8.795
67,1.074
1622,2.116
5273,2.38
71167,9.318
17149,7.728
28409,6.381
3294,3.248
1047,3.351
71,4.788
720,30.681
458,18.042
94,9.489
153463,14.745
20817,14.581
717,5.4
9099,18.126
5301,12.967
1449,3.042
117,1.606
58639,74.537
9980,11.209
973,6.135
789,10.559
3598,3.301
9739,9.524
1472668,56.588
1465,5.007
5551,1.813
203,1.4
14590,3.183
54,1.879
6445,18.553
1269,2.44
560,16.0
12453,11.188
597,43.263
188,8.391
59836,13.072
592,2.16
7522,2.643
2675,5.099
2107,9.184
226,3.813
1467,5.667
36836,7.261
52338,7.283
50250,20.798
1756,6.187
1611,22.506
498447,115.376
3511,5.327
202,2.003
300073,14.769
1863,2.045
9200,27.95
1643,17.665
195,1.137
7813,27.217
25,3.46
1262,13.931
34127,12.697
4064,11.922
1974,3.371
6446,17.015
9428,31.888
197744,57.029
45971,27.166
494,26.334
2780,12.777
1522,15.265
6161,58.201
304,20.749
153,7.507
175,13.962
1078,3.903
1938,4.566
149,7.139
330,6.803
19,0.651
13034,10.751
96,3.42
569,8.863
79075,7.871
7559,22.317
116,1.651
1305,11.678
554,6.727
114,3.342
965,12.759
3909,16.727
3686,17.258
6873,10.632
339626,31.661
33206,11.126
241,1.476
619645,33.05
7557,6.309
248,2.741
336,2.891
21136,62.172
2079,169.642
14,7.568
873,3.108
604,1.452
42699,21.821
185430,14.168
14154,10.937
2723,12.763
13569,32.563
307,2.334
19646,9.727
1158,2.802
1111,10.658
270,6.957
3124,14.161
206,0.6
632,10.357
20,1.4
130,2.754
2817,2.241
1532,2.193
2297,6.97
5482,9.304
603,2.496
70,0.892
4288,4.303
6754,3.478
8519,7.955
216847,35.145
17992,121.756
303,103.284
437,1.623
1853,49.839
73,0.6
208,93.411
1867,7.162
723,3.91
755,7.665
642,5.895
3799,140.468
1823,4.112
73,1.767
98,1.96
95,1.17
34477,20.919
4593,13.29
73062,531.821
2609,68.14
2254,25.284
1851,25.481
1903,30.602
671,90.94
655,63.767
620,80.049
2088,4.902
413,4.206
4075,112.622
43,1.676
1472,4.911
84302,45.54
306,0.6
21368,42.802
8374,19.518
2322,2.135
194,2.274
160806,30.97
1627,5.545
3596,10.639
2491,2.594
11561,16.218
440,13.259
25639,20.273
394,75.943
426,1.514
2214,20.153
2630,4.393
1302,6.71
91043,10.969
86,1.066
768,3.984
13446,11.922
1130,34.405
34009,11.885
491,2.321
328,2.675
50431,7.287
18023,24.964
335,5.414
27516,10.581
404,1.312
245,1.77
422,1.833
267,1.256
1030,6.77
4483,7.65
1696,19.324
8831,12.859
2393,140.949
51781,32.877
192132,55.868
382,4.222
91162,19.448
443,0.62
274,3.384
36050,34.434
1010,7.032
806,5.053
2625,6.233
411,2.466
33,1.633
46,2.199
56,1.382
209,1.772
1873,6.843
19091,23.196
2019,44.455
351,172.609
937,8.82
2934,11.041
3907,14.761
2576,22.261
366,5.084
312,1.481
7890,9.346
212,1.688
195,2.355
132,4.436
126,1.968
12468,5.145
1444,66.94
6194,18.162
1324,12.572
54,1.776
2259,52.16
772,16.844
865,12.942
12568,40.567
37995,81.023
69,4.603
461,3.878
5622,43.655
929,9.731
11281,11.325
34661,63.934
3032,13.318
8185,1.4
25239,22.242
7215,9.525
74672,110.15
58277,93.542
1706,25.413
10317,21.662
10749,16.453
1514,11.091
166,1.678
245,1.418
250,1.171
78039,12.24
2196,11.455
169,16.078
1532,27.69
57,1.179
5411,4.247
10748,62.323
1682,37.39
2608,2.821
259,2.487
950,4.483
139797,50.649
114505,63.749
592,5.162
229,5.626
201,33.708
9819,52.678
155,2.447
39,0.966
368,3.458
278,2.506
20300,21.558
1759,25.697
3147,71.713
149,1.572
2242,12.663
10834,10.605
2061,2.038
17871,15.383
421,8.639
704,18.976
72,5.268
5985,829.005
4787,3.791
4600,6.841
61878,61.598
4168,3.297
11264,13.564
592,9.752
7206,67.856
703,3.04
3633,2.712
2135,5.828
108,0.709
5468,4.912
710,1.855
9651,27.516
211,1.4
605,2.197
94,1.595
4349,10.672
5501,8.386
1016,23.8
4813,3.854
368,175.354
993,24.628
3538,34.934
280121,18.358
1573,6.86
29804,17.152
36661,40.216
1994599,57.114
949,3.213
1145,17.877
144656,28.154
789,4.626
2913,72.715
70860,20.986
900,4.697
2287,8.306
110,2.082
302,21.875
221,16.661
344,0.86
6029,9.626
855,3.109
2166,5.098
659,4.985
34111,40.382
5809,13.88
1276,4.789
117986,50.824
23917,16.617
2062,48.156
5633,8.311
75244,31.688
13308,8.3
9,0.891
13625,13.548
603,1.4
64449,32.434
105938,42.83
20242,11.935
30186,11.389
2782,7.559
20132,38.919
7585,9.543
2481,8.108
20706,33.222
54,0.645
1120,2.443
658,11.013
11656,2.509
14,1.297
723306,36.502
504,5.552
27148,33.47
19493,16.225
5509,14.054
143998,15.505
916,5.711
2731,11.004
3383,16.281
320,2.167
182,3.412
44715,11.622
61797,6.948
213,1.761
6,29.825
207,4.031
44751,18.959
4635,15.729
24676,6.772
344,1.4
2519,4.242
1793,3.264
1028,5.417
396,5.986
12825,11.642
2316,3.996
109,3.711
7297,4.497
29773,14.0
1066,5.135
294,1.943
17029,3.218
2460,46.384
44045,48.715
14501,24.212
1004,2.785
899,3.59
285,0.646
244,6.862
196,3.759
298168,18.355
50,2.123
285,2.527
2317,1.4
3333,5.547
2641,11.096
444,3.02
104894,19.167
11506,10.551
7333,7.365
1454,6.614
24456,9.246
1727,23.535
722,14.247
1850,7.942
494,1.827
1128,2.143
5019,4.011
219,1.03
1367,74.789
221,2.6
2020,15.055
30444,67.252
9701,49.579
4153,11.558
10210,36.942
159,11.194
119054,51.125
36359,20.316
84,1.503
44573,86.555
4699,3.162
234,1.655
13570,17.212
14046,12.498
3979,67.928
9823,9.904
190,3.153
180532,17.613
17525,10.68
4197,8.334
4482,17.929
4523,10.046
1073,6.951
3423,10.219
3219,10.312
17240,53.857
1975,9.155
3941,4.075
3410,19.913
179,6.394
2723,9.517
238,14.214
606,23.687
138,16.962
1911,23.148
27,32.203
191722,38.87
1612,33.642
4824,19.681
8451,19.619
4158,44.214
537,7.926
52,2.447
118,1.636
7884,3.325
18,1.174
3863,7.426
1796,2.709
49867,51.087
89755,23.64
3088,12.751
3552,13.579
2890,7.332
10392,41.602
11401,19.651
13476,15.127
13361,88.924
3838,3.931
111,9.315
226081,170.642
351,1.023
799,5.421
48435,33.885
391,14.353
6279,20.845
864,9.509
2165,3.149
1322,6.429
6810,8.409
8508,7.826
128,5.207
2556,14.865
38,46.539
2181,21.014
5967,21.0
5158,16.824
2328,2.211
25,0.738
293618,1215.393
4570,15.967
129,1.132
579,68.219
247229,95.229
4185,114.679
348,50.9
218,2.641
704,1.634
650,2.258
784,2.345
3819,8.216
19,2.085
34423,5.553
40888,138.626
593,1.084
2191,2.288
17024,22.238
23541,5.319
18466,7.257
16133,13.117
4120,5.314
1703,11.362
182,10.146
14782,21.417
37747,12.512
1610,16.4
8,1.536
54001,8.213
132821,10.97
128190,11.48
91,0.679
250,1.618
1827,5.019
7090,9.482
125098,27.533
118815,30.617
14040,21.349
1189,2.131
6254,9.569
13708,11.599
614,20.009
4465,9.533
12035,7.7
1517,4.269
677,2.209
7577,6.231
153,15.291
4219,13.649
37778,19.134
182612,76.506
217534,16.583
247,1.802
2160,7.114
17716,8.348
618,3.175
19728,18.56
837,2.215
2464,1.762
172,2.547
193053,15.067
62,2.942
249,4.753
7120,5.727
14916,6.095
25771,13.416
2673,3.347
419,16.035
7183,8.147
743,4.613
493,1.291
3150,14.069
572,38.749
4934,4.389
7578,14.485
1910,1.792
415,2.379
19936,10.044
23474,82.882
2735,6.878
1618,28.193
14608,26.706
1540,5.733
445,1.4
132,10.43
3106,16.211
15743,68.46
28978,926.362
1349,14.073
1249,1.713
4921,5.31
4384,3.732
193,6.837
234,13.453
20,4.135
599,22.957
36361,12.634
16610,19.161
224900,27.45
22107,218.433
4230,2.239
119,7.574
1033,8.244
538,8.788
20377,14.663
2127,15.225
1972,6.254
39590,52.542
2089,5.595
5245,121.52
586679,29.436
3665,28.219
63,0.642
48,1.879
219,4.003
130,0.923
657,12.8
5943,11.526
641,14.155
4312,5.202
3139,20.281
2759,3.979
1561,26.578
1952,31.411
396,4.613
636,4.243
277,3.884
798,5.713
563,4.97
487,5.314
1513,2.055
6,0.6
7733,14.827
7154,20.952
984,7.659
2575,42.457
24,0.68
28370,8.364
81,3.202
10162,32.606
2146,166.39
40703,10.655
8550,0.6
5772,5.002
38870,37.556
1675,2.383
4031,8.161
4776,1.4
8367,1.4
4241,3.807
2416,9.305
1113,14.897
36500,13.295
61924,17.732
291,6.128
2705,12.387
1134,5.085
15053,10.253
564,7.9
130099,24.125
35067,15.085
3986,10.419
26,2.307
1603,9.971
100705,37.237
31620,16.72
841,2.721
16320,92.767
13670,13.653
603,7.217
7013,12.239
9987,34.738
994,2.681
2632,45.357
154,9.388
2609,3.088
1503,642.372
758,2.663
6,3.24
25,2.708
33734,12.008
229,2.479
912,2.273
47,1.948
4836,58.017
826,5.541
616,1.662
17447,44.727
2168,11.357
2450,7.119
7832,34.492
694,24.098
1633,4.028
494092,46.137
9504,12.606
49599,11.864
1097,17.937
5047,112.094
2152,33.992
51513,28.552
488,2.1
145,0.969
1076,9.653
8041,13.37
3232,2.716
146712,59.834
1972,9.983
30734,73.548
172,1.155
719717,71.782
327565,68.926
47588,13.584
2809,4.471
20986,6.655
8454,4.91
1541,4.784
4761,37.594
697,1.4
12757,7.415
125720,12.868
43,1.267
87857,117.924
6199,5.296
5031,4.02
297,3.726
278,2.517
123667,12.617
765,4.669
7665,7.365
1104,10.234
2860,1.4
14887,99.758
5704,62.514
2729,142.386
5598,11.939
4166,3.187
5495,8.06
87891,18.208
56459,31.121
21632,11.41
14146,19.204
149082,18.529
3048,14.274
2205,5.917
3937,6.502
14491,9.791
1785,5.671
128172,33.554
55549,8.397
7994,6.08
560,15.664
204,5.429
142696,18.102
31531,10.503
983,3.857
243,1.758
24,1.083
146625,46.06
73269,17.756
11411,21.408
865,4.098
1358,5.041
1387,1.022
108,2.38
7727,17.023
79921,18.733
80733,16.066
493,3.708
320,2.72
123,0.6
33724,20.028
17194,11.273
29,0.649
48672,13.434
240433,16.442
2283,10.462
1285,4.268
108,1.035
2865,4.549
4033,5.896
2572,4.925
1664,4.784
5073,16.359
196,1.93
1096,9.017
3087,13.668
4452,7.323
13238,19.835
13098,14.629
200,2.768
3106,9.002
2325,20.092
34,1.214
124,2.31
145,1.548
18452,18.124
1394,65.43
6663,10.393
48,0.675
10927,20.694
23297,6.596
101939,15.02
4256,9.415
49894,23.345
54391,17.631
108,9.281
12918,14.776
2268288,109.09
1883,10.121
2105,6.206
3049,3.185
6075,1.445
3052,24.784
1717,18.773
8536,15.248
3874,23.186
2565,3.296
17727,10.828
27275,96.678
10776,7.648
15137,40.604
3927,14.613
42,2.189
986,1.185
2747,3.8
609,6.359
167549,52.127
614,9.398
534,12.57
1482,1.47
1356,14.763
1152,10.782
595,1.543
45628,20.79
1313,6.735
8512,15.949
30746,28.712
611379,15.658
749,31.864
15464,69.688
2613,13.733
15823,149.742
2127,31.534
2206,38.412
1826,37.944
2570,29.842
5656,14.179
54105,126.677
763,12.419
18,10.616
221095,20.113
103673,3.156
54128,33.711
30694,15.801
960,2.243
1951,9.565
1146,6.579
9442,18.453
3021,4.449
465,5.257
332,2.226
4203,1.569
10415,5.089
8221,18.018
306,2.468
233165,278.419
170,3.923
362,3.195
2886,4.064
21104,67.024
2284,7.713
12030,29.491
12095,7.49
105,1.837
111,3.946
404,7.92
1658,40.961
122,3.243
26738,9.183
20501,8.116
51945,10.991
2094,5.01
930,3.263
1468,4.944
5388,6.26
83727,43.997
92305,30.13
157,0.6
11596,12.484
10092,6.253
1718,45.098
935,2.996
1160,9.54
205,1.81
1445,8.859
3545,4.73
6165,4.266
30,0.933
46286,120.677
71,1.815
160,2.38
2922,9.134
889,16.368
3567,2.862
1073,3.865
3028,4.188
854,2.472
3984,4.891
1077,3.405
2272,3.707
1401,3.463
1274,1.748
713,3.278
614,2.907
374,3.418
422,2.195
23216,25.26
7804,11.088
1506,5.005
1281,3.985
1268,4.231
5643,7.723
5061,4.084
5834,5.834
973,10.978
1304,1.762
25593,10.938
3940,4.223
2381,4.898
1549,3.721
2548,6.123
2226,4.903
5407,7.515
5393,6.07
2764,5.395
3984,5.57
1324,4.476
4274,3.887
2201,3.164
4711,6.13
77,1.289
275,1.14
18274,37.658
10043,6.461
1444,7.932
8502,136.841
263,12.93
986,4.273
469,3.209
1322,3.559
2096,8.14
2596,8.004
408,2.277
32188,7.96
498,2.915
4300,4.202
4447,4.341
738,5.255
3498,6.786
7696,7.358
6608,5.184
8471,4.657
131999,17.663
777,2.647
94,1.92
71062,11.747
8172,15.75
24,4.462
230,3.027
251,0.925
1579,7.869
1531,6.826
1336,4.917
1293,2.703
4467,30.348
2336,7.276
339,138.103
1436,4.414
1321,5.146
10517,7.453
9461,16.219
328,3.104
529,4.524
983,38.856
37235,48.307
7423,106.781
4476,9.339
4849,4.321
1872,9.343
239367,89.01
106755,12.741
1910,55.544
952,21.333
43,2.57
502,2.99
1208,5.465
155,1.307
2173,4.71
16,3.382
704,2.592
2163,167.055
1750,1.708
13372,20.572
64,0.6
73,0.98
5309,2.952
1207,4.465
1462,2.122
19797,8.285
18224,5.028
48818,8.47
30949,6.459
1265,1.393
36512,5.636
966,24.535
68028,10.229
1342,2.858
262,2.449
309,1.256
37,2.43
17136,5.741
144,1.262
226,2.631
8376,3.108
6647,3.926
791,1.613
3950,2.298
25792,9.091
8920,5.414
1501,7.335
134,14.657
11944,4.449
511,1.633
43,2.371
57689,69.823
4168,5.863
1333,2.246
1920,2.752
2165,3.039
13095,73.252
940,3.422
635,2.392
1780,2.581
3137,2.601
232,1.431
314,3.679
122,1.284
803,1.459
3357,5.617
2368,5.193
4719,112.314
987,2.77
1332,4.301
2009,1.838
4333,7.107
4437,6.366
9458,8.106
3342,5.133
1448,4.617
1083,3.702
8330,5.228
41,1.08
17,2.173
1354,19.327
5957,10.888
349,2.528
1737,2.095
16649,8.676
1671,2.579
2655,6.236
141289,15.681
1538,2.537
16970,26.582
404,3.082
364,2.237
14081,14.269
43760,63.579
887,3.191
4890,30.991
491,6.273
5293,20.604
302,2.167
5588,5.272
3874,8.271
1248,3.297
6607,9.895
445,3.678
2302,10.995
141480,31.229
33760,44.378
3178,8.52
19809,30.484
12418,8.591
16482,7.996
261,1.917
398,2.332
4358,344.515
1017,1.138
325,11.297
41,2.744
15,1.834
62,1.4
66985,10.107
1153,2.405
104,1.14
909,2.573
51640,12.564
254,6.244
91,5.562
152791,73.412
651,5.067
5121,2.969
8052,51.824
2445,56.055
1265,5.73
11582,3.829
1000,1.91
3507,2.81
4341,3.768
3885,3.402
2196,2.66
7000,26.53
1800,9.054
37,3.268
1305,8.144
163,1.4
16,4.054
106,13.724
49,9.137
65,3.647
290,23.538
843,13.662
551,8.657
444,12.929
5645,3.612
48,18.818
386,6.097
642,21.243
2445,99.071
5512,10.7
54,1.598
575,25.176
777,2.434
25,2.474
234,0.946
277165,28.718
383,2.996
1463,7.608
3655,6.874
3306,8.717
688,2.196
111053,7.249
33,0.653
23076,5.649
137,0.732
104,0.975
307,3.034
146,0.936
570,1.4
258,2.693
582,16.828
416,10.943
149290,18.865
5447,10.652
6789,16.641
2429,6.768
347,2.685
427,6.93
10906,505.736
2774,38.264
6844,5.554
465,2.399
938,27.541
41,1.4
230,2.601
7005,15.816
2024,7.902
1572,10.08
1692,4.299
272,3.646
5761,5.463
9,0.6
38,1.085
28877,270.461
3307,15.053
175273,72.35
446,7.567
126,2.645
80,11.535
82623,21.915
896,6.75
170,1.4
272,14.65
244,5.651
8796,1.4
2276,8.216
1212,2.331
325132,18.0
429,9.711
21515,12.098
120208,24.49
5,1.07
98,3.009
11118,27.133
528,10.082
7453,4.08
1069,2.275
940,9.114
1502,5.251
688,5.48
522,2.569
45,8.855
106,2.107
3855,8.064
11934,4.304
392419,17.505
18793,15.068
2693,4.014
208,1.551
968,19.501
19,1.4
21202,9.294
188234,12.931
278,1.852
29196,15.935
2862,5.456
671,1.985
1444,4.696
94,1.534
227,0.6
94,2.728
170,35.428
2253,5.588
1971,7.118
21009,11.404
14492,16.841
91,1.181
6461,8.807
57621,17.027
1208,5.478
6492,10.178
1224,10.476
577,1.686
106,0.727
30134,16.946
270,3.459
72031,39.805
21388,137.792
66,24.428
51,58.296
183,1.64
3647,6.654
155997,36.762
318,2.472
7734,8.496
4664,49.592
34362,32.776
708,3.369
4170,356.051
566791,48.347
568,14.637
133,3.141
170,4.22
1741,1.664
9264,10.749
21040,14.136
375,7.2
96868,52.535
94,1.272
11973,7.387
1485,1.512
7896,23.433
433,34.001
13797,12.956
474176,21.297
5262,132.183
1057,9.665
153,5.714
32837,14.783
48521,15.982
7655,1.4
425,5.109
365,1.4
2142,8.818
350,184.942
200,3.241
2472,21.397
228,2.386
998,6.117
325,4.504
3436,90.856
20033,14.358
531,2.255
547,8.282
25,1.134
3820,126.798
933,1.418
549,3.392
2558,4.322
394,15.158
465,1.292
5210,5.101
8187,6.683
131937,100.876
17092,10.12
65,20.664
116,1.96
3216,1.609
737,6.442
19259,14.348
4908,8.31
2129,15.138
34139,16.292
2519,11.461
202,1.672
2189,9.521
830,2.609
36,1.771
12,1.874
52,1.666
1516,1.83
3575,13.263
308291,761.064
10206,3.986
44,0.84
37528,8.817
35,4.847
4556,42.471
11162,4.603
1356,36.942
2883,21.419
691,4.904
58,2.504
48,0.858
3136,2.802
100575,80.767
30277,14.008
10725,6.439
3905,2.236
5596,22.681
417,1.387
215,2.792
608,3.984
3144,28.077
4263,8.358
6047,21.929
50275,12.157
1518,15.371
1744,4.103
22563,56.834
3282,18.719
4111,6.085
4298,1.837
760,4.893
373,1.951
24319,5.821
3899,20.767
21,2.159
3316,11.61
77,1.173
523,3.895
83,1.134
74955,0.6
3148,3.923
35142,8.106
2866,7.506
11715,121.717
557,3.698
31,2.664
442,20.91
93456,10.955
3924,54.741
2831,2.519
1036,2.136
10149,4.267
35760,27.204
360,3.202
13290,12.05
1220,9.434
818,9.507
979,10.9
1036,2.162
987,1.558
2664,3.54
1623,7.442
3210,19.634
74877,18.19
50145,87.315
1235,3.039
71244,13.558
693,2.727
5413,2.852
8043,3.637
236,1.22
2965,7.823
4222,4.908
1073,1.847
1119,3.895
21929,24.663
1906,4.63
1876,4.861
1916,4.172
30373,16.213
2586,19.401
76,1.143
71229,34.279
10742,9.676
125883,17.311
2032,8.0
945,3.717
567,1.896
14518,23.254
1215,8.163
238,1.4
37,2.093
4056,17.101
1390,5.269
276,99.429
180,1.4
290643,31.056
433,3.157
1975,31.913
43,1.215
5083,7.729
102,2.185
10656,3.899
10234,103.034
1746,4.879
2233,3.765
7381,6.767
3114,41.69
65,8.658
89,6.158
1433,2.97
72341,21.734
26127,29.588
950,1.158
80,1.414
362,1.291
31,2.88
4209,11.16
2177,5.307
3597,55.962
122,3.91
840,3.08
362,6.597
23287,39.834
1462,7.08
1687,8.526
4136,9.216
18575,28.95
17141,2.824
23,1.4
76,0.857
423,2.065
491,1.08
543,1.852
958,16.052
146847,25.556
16,5.081
3123,8.538
778,12.506
5363,17.068
57399,15.347
988,3.187
1160,4.221
3402,9.957
635,1.908
1810,2.764
1711,98.052
80138,123.15
4542,10.85
64,1.612
32573,6.017
826,3.286
16180,10.978
42018,13.871
19689,343.77
546,2.564
17433,16.923
3921,50.167
341,3.153
167,1.322
2102,6.613
2586,4.977
957,3.463
163878,11.418
1219,2.747
54,3.583
1571,2.937
8972,15.219
1818,3.689
5147,3.878
474,2.764
2110,15.027
4109,8.013
102321,138.708
29565,39.39
5296,9.562
6624,6.78
413541,26.775
249,8.062
35,2.122
37,1.232
16,0.979
57,1.484
3284,3.449
2465,4.404
1815,3.244
1789,4.893
274,3.226
295,3.111
1302,8.714
547,2.213
1771,7.782
613,2.697
804,1.957
563,2.093
1794,6.757
1093,3.915
12474,11.533
261429,45.108
1101,9.07
15656,10.028
24681,73.084
1212,1.729
46939,52.412
10102,261.845
52657,17.791
14983,79.565
418,4.382
72,3.749
2303,13.294
321,4.614
3712,4.059
19151,19.363
3433,7.082
98,4.001
1950,6.267
1156,2.012
434,9.009
596,12.142
2579,3.769
3000,22.899
568,4.301
799,2.008
434,3.236
215,2.639
509,7.571
1331,247.932
1242,12.744
1210,11.448
1291,14.729
1649,8.356
1623,7.838
2646,54.373
3713,7.483
11595,6.358
148,1.523
346,8.324
165817,21.304
10320,9.564
38,2.043
26,4.112
3210,44.736
450797,1.4
836,64.787
3419,47.62
14221,5.845
2143,15.194
92,3.109
149218,16.951
300,18.103
114942,47.456
728,8.631
391,9.657
60693,18.681
3038,24.961
681,2.57
15186,7.641
530877,18.216
2144,1.49
72895,12.919
437,0.673
1740,3.829
2598,6.936
1092,3.291
574,5.385
717,2.791
3080,131.65
77,2.388
1390,12.025
330,1.12
918,3.43
632,4.877
3125,5.054
688,2.824
2774,3.512
292,3.073
157,1.903
112,4.55
5307,41.824
442,1.71
60870,25.389
24003,32.307
234,1.4
6703,17.882
68790,30.69
55118,18.043
3320,5.449
6855,26.485
19630,6.754
125,2.386
3906,4.208
2722,7.255
3251,11.019
12395,7.566
47676,12.964
1176,3.43
468,7.962
188,2.744
382,3.194
354,1.118
6309,2.442
1654,3.387
363,1.266
26781,53.688
68,1.825
292,1.005
6028,4.696
3045,2.988
120532,33.858
2054,10.305
2693,9.003
10414,6.027
684,2.281
522,3.188
522,3.289
34788,14.672
3056,5.577
475,7.302
301,3.545
430,3.224
4367,19.118
2257,6.308
3731,17.668
282,1.781
281,2.923
882,21.477
478,5.383
19,6.471
572,3.375
94121,15.949
3049,62.245
2163,33.995
391,1.004
4430,7.987
79800,21.381
3826,5.234
2401,32.084
798,6.306
3774,27.731
276,62.434
103,6.772
3468,124.569
642,18.893
20708,49.715
281,2.859
5934,10.223
5481,14.997
3620,3.947
18446,90.655
5194,10.016
51232,19.276
647,12.756
445,3.493
161,7.715
3012,16.347
261,10.581
561,6.751
3108,15.98
1537,10.653
1511,2.154
451,1.849
1936,5.485
185,9.643
2289,20.215
6656,4.757
3217,3.115
1170,4.329
540,4.601
153,1.814
769,4.693
3605,4.991
1977,5.031
1009,11.334
1274,6.586
811,3.292
141049,254.207
322,3.785
160,1.579
6712,5.584
1081,2.361
2086,9.316
4682,9.333
112,0.713
100,3.934
1086,8.263
308,6.237
19366,24.805
1536,5.519
21745,6.895
1287,1.4
9139,15.079
404486,83.072
80902,58.895
317,2.257
93980,362.73
4016,224.494
5021,122.666
4473,76.107
3567,104.166
3626,79.113
3975,64.608
4297,45.717
6759,45.425
299,3.655
82,1.874
1295,3.751
1798,3.621
346,2.52
316,1.208
3470,2.595
2024,13.399
6780,4.151
3228,3.807
809,1.63
366,0.782
3359,6.887
64727,51.993
51938,36.756
835,3.998
658,1.785
482,108.373
45346,72.067
4485,49.993
216209,65.381
3045,3.078
85658,24.531
23307,10.357
16459,32.566
1565,1.4
159,1.423
16964,18.147
3572,6.992
2907,43.212
377,6.368
3296,17.896
1129,45.7
2551,43.714
500,3.885
383,5.059
23939,14.926
16890,70.777
6484,62.599
1282,1.997
290,2.123
8278,116.672
523686,54.186
13103,17.781
423,5.984
341,1.603
1629,5.269
4519,60.536
569,2.934
3170,3.158
4304,4.269
118,4.007
4277,12.13
2843,26.449
943,2.733
13913,125.021
11665,4.115
135,1.247
309,1.641
5101,7.804
102,5.608
82,1.0
274,1.384
11304,98.107
3436,144.636
4092,7.95
1956,5.34
264884,54.29
3473,4.609
2868,4.028
18040,28.929
4105,9.248
104604,27.273
912,7.967
14876,10.955
23016,38.864
3105,4.656
360,3.59
203,19.697
198,7.052
57449,7.489
870,8.612
14122,13.036
8839,12.891
424,3.018
10854,19.174
1049,39.732
177,9.947
131,2.367
66,20.5
126,2.825
6215,35.645
140,4.876
45200,16.557
775,20.082
4764,8.297
4185,26.074
1678,2.566
3106,5.419
8854,41.856
62,1.061
5722,4.122
116305,23.865
1803,7.646
2119,8.562
2326,6.971
493,3.098
314,2.224
75015,18.58
674,2.566
183,2.128
272334,84.497
42597,9.639
14230,0.6
2089,5.409
50,1.259
27003,7.263
380,3.881
15642,45.081
9159,7.865
2841,9.044
980,3.353
342335,21.322
261,9.584
160449,14.895
17494,4.19
7127,5.104
437,456.283
481,4.926
2672,2.124
1116,2.755
15669,27.347
15,2.622
564,4.321
202,1.813
74,6.246
112586,105.955
7002,38.397
1189,27.125
5382,25.322
1611,23.07
2503,11.031
745,2.731
543,1.67
6482,9.06
2303,5.453
148386,132.794
4819,2.651
3013,13.136
64,3.581
1413,28.752
2610,11.431
11329,14.686
2802,14.933
1972,43.158
7993,12.019
10357,20.745
2341,7.81
295591,72.825
7586,20.123
498,3.296
3034,7.766
572,7.759
3003,13.835
35711,14.652
11243,7.611
11048,12.353
6,40.822
209,64.558
22147,12.35
79,16.012
4140,11.493
41386,14.33
1672,8.629
13360,10.017
9763,15.959
2593,22.705
365,3.192
2271,3.357
264,14.65
43404,48.11
152435,238.679
69834,19.359
3722,96.602
4611,5.153
41562,114.758
21562,60.545
4632,2.273
36803,35.875
17411,4.18
278223,290.316
1214,54.603
178012,9.887
1725,2.594
35888,5.204
6628,1.4
4923,314.603
635,16.672
848,10.698
4796,76.137
126,1.16
25269,9.062
111092,34.655
13419,8.112
9133,3.229
313,2.334
13206,5.94
397,1.234
200,1.262
2759,10.962
285,1.814
7304,38.145
5438,4.11
59,0.635
11804,29.213
26,0.893
3087,8.8
2225,13.582
22298,16.364
674,4.798
17779,39.351
711,4.603
8343,6.398
1652,3.089
535,2.353
1410,7.875
23771,5.997
1522,1.429
108,5.068
2964,19.295
13553,44.845
102,3.074
150,8.508
7222,9.602
1000,3.459
2367,4.233
1971,3.899
206,1.817
485506,971.727
190,2.625
1057,2.59
51,7.027
303,46.411
7985,10.761
12265,3.725
1727,7.225
4169,38.893
859,1.632
280,7.002
9792,21.281
824,3.024
88708,84.347
1496,2.778
4684,19.496
2176,4.983
8536,16.984
23,2.414
1164,3.536
515,10.436
102212,32.854
117,1.4
4072,6.413
10714,120.527
2677,53.681
9778,7.998
353,5.852
9145,3.704
128600,18.165
561,3.755
7556,6.39
22505,6.023
170,1.777
2815,116.421
1179,9.318
11322,15.955
47795,17.31
7534,9.613
2411,11.157
4772,8.594
47,0.899
74,3.52
865,8.557
521,1.235
727,1.4
1285,1.445
4490,7.419
944,26.283
93,21.257
14184,16.224
172,138.135
472,1.4
1817,88.067
5384,145.611
87080,24.449
119,6.073
249,2.841
6085,11.395
116,2.161
815,12.019
2240,7.29
57,8.408
88,5.458
920,2.403
328,2.098
3229,1.536
1541,1.645
208,2.255
4674,8.332
84,3.367
21949,21.083
585,1.802
479,19.16
862,3.907
2615,20.083
2714,11.352
1729,24.703
21487,6.712
78119,18.308
7096,5.846
4209,5.759
7084,76.039
1757,13.364
168,1.788
471,14.711
45,3.063
1967,5.218
3060,17.395
19023,7.649
595,5.956
220,2.444
1076,15.236
285,1.9
88,1.384
985,14.028
35,1.4
83973,24.787
204959,168.423
4075,3.7
5519,28.185
297525,111.535
9055,17.086
542,10.317
1824,6.561
743,32.746
891,5.367
335,8.131
594,1.532
498,23.821
234,3.719
207,5.884
248,6.999
1032,2.088
156144,41.19
2063,28.025
21204,5.152
14968,4.232
65,1.094
4963,20.176
895,3.441
8203,3.629
129,1.221
3037,1.758
60305,33.415
441023,30.147
20194,7.473
64805,9.152
1226,4.891
28537,54.867
18147,14.475
788,2.49
2560,1.161
254,1.031
21077,13.813
320,1.379
144,2.673
4488,7.629
2854,7.865
14037,8.04
210,0.6
137,2.967
17555,4.779
17570,5.138
1802,18.955
83,1.247
63,5.615
16302,5.768
402,4.274
27484,3.427
21328,9.77
1659,5.989
43835,9.757
214,2.171
2617,4.18
2870,3.524
36185,122.034
116,5.195
187,5.692
77,6.616
710,4.336
14464,31.709
1545,9.966
4280,3.002
327,0.77
1815,1.769
184,1.479
150,2.497
3901,4.396
14380,8.674
228799,58.435
95013,80.773
5283,2.147
118092,8.761
4690,4.633
11,2.141
10400,60.496
52731,49.499
10764,14.238
8487,10.874
9154,11.236
72460,20.038
8668,4.004
1654,3.032
231,1.826
1531,4.278
1189,5.977
2691,7.171
771,3.158
628,3.967
1353,3.65
2231,5.312
1463,3.029
768,2.67
1381,3.395
2326,7.806
2801,6.72
2437,19.62
807,9.122
179,8.32
40447,11.83
2122,170.773
3658,14.262
5156,6.244
893,19.328
4647,147.396
2278,31.24
714,6.523
13156,94.563
12124,13.95
255356,390.768
111483,23.463
154,1.917
365,2.419
503,3.124
80,1.317
47751,48.886
65,2.183
37340,15.406
6557,15.317
7248,19.743
6421,18.022
6417,155.052
9500,25.489
570,2.932
5586,62.295
3704,493.927
7073,7.885
286,1.642
35515,23.136
1711,3.483
3270,35.747
267,3.483
4252,19.69
1281,7.687
666,5.915
78,8.925
296,1.71
1541,3.802
113,1.113
67,1.034
104,1.279
96,1.843
2616,12.066
5141,4.681
1041,14.932
18523,9.049
90,0.856
3865,10.146
1808,49.781
223,5.089
311,1.86
1579,18.274
23651,15.126
3332,13.12
3421,13.684
7701,10.891
22045,20.123
40,1.094
4905,11.031
1659,12.634
8718,13.801
711,3.933
942,4.453
139154,369.341
1700,240.433
177,4.283
167670,16.989
263212,17.73
646,4.339
716,4.934
1533,58.719
125,15.113
87,2.337
92,7.167
3972,19.275
21963,4.435
984,9.065
11963,11.689
3820,9.975
4552,6.099
164,2.452
601,2.444
370,3.537
570,6.517
6550,7.958
153508,17.67
7539,25.738
5034,45.274
5060,4.185
3357,3.266
5728,3.275
2282,11.289
827,2.626
3730,8.205
3077,4.694
9912,2.615
1937,24.664
2298,3.169
1391,5.927
821,1.917
20019,13.963
11928,34.937
3675,7.357
22243,6.366
3173,9.326
584,1.778
57894,13.404
257,65.905
32,0.6
25793,26.614
7958,126.053
8367,116.036
465254,34.763
1193,2.789
791,1.4
1587,2.765
1882,3.53
88945,31.225
11136,15.43
2732,21.89
921,2.828
697,3.625
3524,36.599
1808,56.878
17719,125.536
479,6.42
2835,18.684
5122,17.736
907,22.616
18554,5.566
166,1.844
239,2.717
483,2.327
63007,27.573
1712,31.605
85088,11.75
1593,5.257
41822,18.515
2778,20.528
3978,2.657
2115,59.673
73,1.741
131,2.609
2470,4.816
414,2.916
2419,2.923
1224,2.454
9507,37.963
504,3.111
651,1.791
272,1.37
39,1.225
513,2.847
30,1.298
160,1.581
466,3.188
2053,6.704
148,23.058
1488,1.932
22854,47.136
3492,5.248
16603,14.548
17,2.023
52227,8.906
678,2.783
282,1.729
64467,26.17
977,9.692
53,2.312
2699,6.126
1708,4.472
3711,4.857
262,1.447
4496,10.424
18453,5.833
1231,2.003
846,5.326
5127,3.416
28,312.625
129199,16.038
34854,16.945
51,1.714
3157,6.514
1346020,54.874
527,3.444
362,4.7
2512,3.501
338,17.563
120188,45.906
70814,72.044
73859,41.917
112537,38.016
2563,11.439
1572,3.352
356,4.63
1069,1.431
21558,16.451
297,93.943
40082,86.551
1678,4.033
1240,220.591
7789,6.29
1308,6.603
1327,6.116
29604,9.255
1295,3.423
1194,3.129
1063,3.29
105,1.009
551,3.588
7831,17.549
3948,68.203
21011,16.496
24046,8.308
188,2.343
749,2.614
1031,2.774
110,26.996
6189,19.701
1935,32.441
10663,8.034
1338,6.668
602,1.105
64,1.638
302700,128.743
1573,10.472
2173,10.36
2176,6.394
4435,51.141
11586,15.211
98127,24.934
1671,2.574
1700,3.992
5482,21.635
708,3.28
111,1.678
2667,1.91
375,128.933
151518,36.84
7726,102.084
38,8.075
9619,13.626
1394,1.396
7390,3.879
1258,6.536
2706,20.006
49880,14.994
2542,3.92
2360,5.823
343,1.952
515,2.639
15323,13.897
47,1.699
456,3.045
141308,14.442
3940,8.623
76395,49.025
251168,309.755
3177,30.704
713,9.494
395,6.184
4907,15.189
8380,25.351
1105,47.536
5612,5.132
956,2.08
9,2.186
77782,40.145
8414,2.735
1480,73.903
230243,175.426
2345,80.294
136,11.475
35,50.639
25,24.246
551,2.109
1364,5.676
1448,133.428
2016,10.152
316,6.107
6,0.6
1079,5.573
14277,6.212
205,1.867
14935,22.339
3460,8.502
620154,28.317
446531,47.884
15026,3.035
66,1.406
1492,2.165
14098,14.776
313,2.353
4529,16.627
5020,9.789
329417,42.882
10139,5.821
3708,2.081
83961,29.901
1770,2.605
4653,9.606
200354,89.833
3634,15.817
6958,18.747
121,0.893
10903,3.932
2195,7.231
415,2.492
182,1.352
216,6.87
15038,30.834
7173,10.499
38319,10.057
458,1.719
8113,12.49
6338,8.776
1608,9.638
30,2.48
101,1.815
15889,15.56
1723,2.836
697481,26.254
5774,12.283
2122,393.011
127,2.878
797,2.087
50,1.285
546,285.361
2354,5.024
166,2.935
65,1.822
115,2.328
653,2.374
380,3.073
136,1.842
130,1.86
82,1.611
3670,0.952
16473,7.268
14862,55.264
3073,2.234
28,0.992
1460,6.402
53733,26.423
1067,5.957
6893,6.156
778,1.911
1883,17.757
12535,12.029
286,2.552
1729,2.17
195,15.497
3688,15.59
5,0.943
19556,5.544
3074,1.4
4180,16.29
405,4.305
5686,16.673
3465,15.719
1436,5.166
8569,68.251
1036,2.437
730,18.291
7971,79.186
1308,7.597
14071,27.468
101,1.475
43,3.134
8644,8.409
30,1.159
7948,11.022
11167,8.056
234,1.775
388,10.899
7900,7.807
456,4.229
8176,10.27
473,2.688
1122,8.357
651,12.324
2915,34.201
299,2.319
237,1.156
297,2.002
478,2.744
3025,2.471
2747,8.387
68,8.878
22,16.83
4420,7.234
21501,12.918
4718,10.557
479,4.13
5654,16.637
120400,15.068
5746,15.625
158,6.363
95,0.995
76,1.839
1108,25.66
758,3.099
2752,9.44
4577,104.486
32,0.73
5103,2.69
75199,118.206
5093,3.62
75653,14.691
5824,4.825
1891,2.834
49101,44.641
275,5.002
2023,51.231
454,3.517
73,10.367
61739,30.856
24659,69.534
57,1.214
341,3.389
614,5.892
443,15.009
67761,15.124
9202,7.726
55489,7.378
23669,14.187
58407,38.64
716,5.741
85270,21.731
13692,22.568
60,2.994
122,13.018
993,10.563
732,3.649
5361,81.348
3635,9.159
2178,5.263
372,11.907
1976,8.201
10230,2.871
3059,15.382
416738,272.707
102103,21.451
392790,16.096
7812,54.237
3594,16.161
133,4.036
390,1.872
61145,61.159
32,2.662
269043,17.538
90196,167.57
333,2.044
288960,22.126
145981,14.252
9021,23.134
15,3.661
9218,6.874
28669,12.185
1095,2.789
343,2.928
5434,12.155
4460,12.158
166288,13.009
2556,4.985
7539,5.171
582,3.899
729,65.414
2314,11.356
1295,4.367
202,5.978
270,3.615
167,0.878
44054,21.668
357,2.564
1499,12.599
7645,18.993
989090,249.853
13,26.42
363,0.988
32814,6.664
1509,17.115
2712,3.764
307,5.244
634,15.881
3849,5.146
626,6.359
4082,6.423
53746,32.09
10418,7.403
6699,28.991
1123,1.844
355,2.073
14346,41.292
241111,73.193
4159,4.255
41529,9.53
578,1.298
265,10.826
6052,9.936
2573,87.796
2284,5.027
3484,5.05
7943,3.481
95,2.575
1984,4.011
13680,7.087
1685,3.636
1527,11.773
411,30.071
29,3.101
71,24.753
57,3.633
27,4.147
38,47.945
25,3.238
37,1.431
121939,116.295
3574,10.67
428639,406.666
45,0.683
645,3.512
1991,0.6
985,92.506
551,75.026
24368,73.107
894,2.673
3762,11.17
89085,7.152
175,18.42
325,2.434
519,3.52
2652,3.288
2387,147.841
30580,114.132
17435,17.576
49182,82.385
8074,15.792
1402,14.917
43727,73.783
3558,7.367
126,0.873
28617,11.441
12699,10.838
2012,12.18
998,14.385
64062,22.181
74,0.913
43,1.486
10161,10.905
1522,2.171
5566,8.559
161,2.459
5048,13.958
3130,9.312
3064,6.345
250,1.376
41752,9.306
203,1.542
1905,5.48
7715,13.399
411,34.469
23071,46.356
3916,88.374
20111,8.44
34659,7.577
26790,7.836
31385,8.572
46,0.6
1605,3.484
496,4.337
189,3.027
680,6.217
112,3.723
30611,12.489
795222,27.612
9897,4.558
5293,11.864
1707,4.095
3595,6.145
156,6.172
736,6.381
73,1.583
12816,8.131
480,2.092
6496,8.626
333,12.491
21,4.843
7595,51.108
121066,33.904
2030,42.087
3569,3.782
28,24.248
10821,27.309
92647,22.75
55499,16.459
33128,15.356
964,4.58
14215,10.428
4359,2.419
7860,20.41
393998,38.918
357557,72.272
979,14.596
1624,4.264
952,11.417
691,7.264
688,2.754
205,2.268
49312,46.799
45810,437.842
2034,1.635
3334,2.784
30439,5.557
28204,7.824
232,2.874
1050,3.197
1803,3.764
670,6.352
242221,224.641
5976,8.814
8494,10.45
1373,9.413
586,10.139
140,5.066
44971,21.12
1196,81.887
3181,143.266
521,3.335
2787,14.819
156603,919.599
1696,14.724
4348,11.314
2127,7.887
7192,9.969
195,1.866
1151,17.691
125,0.922
17034,6.288
1496,2.932
14013,9.704
1329,12.481
734,2.503
121,1.974
3690,6.817
4255,9.799
743,4.303
3786,25.625
86953,33.349
37462,46.405
30785,20.735
4160,12.087
141528,35.22
25934,10.152
3447,22.236
3953,6.34
7005,24.994
4281,10.059
2191,5.847
1889,62.12
934,1.706
18,1.369
21,37.717
7103,7.945
16441,18.706
327,1.4
665,3.452
1178,3.672
24,1.96
2375,15.341
49549,8.928
7313,12.167
4145,36.691
5,0.738
1341,9.366
238138,279.921
1219,1.866
2671,11.687
273,5.917
323939,63.816
7558,7.757
69053,44.038
2077,1.909
3321,5.097
731,1.929
4442,15.25
312538,25.45
27052,18.411
50556,23.185
3595,47.064
2105,34.934
627009,25.464
3264,12.362
36805,40.059
14938,7.857
356,2.481
1320,4.95
1862,1.846
6008,7.735
303,0.862
2501,15.138
36,0.6
616,3.677
20080,250.543
242733,19.365
1914,15.122
1646,6.74
114013,12.932
21882,5.001
23588,22.899
121,1.482
1637,4.364
29450,34.559
1082,33.028
755,208.108
450,8.926
81971,69.974
620,5.963
38445,15.813
15894,1.4
3274,15.699
56,1.563
17,6.55
2957,5.392
5025,14.612
41253,65.023
661,5.284
71182,24.184
29280,45.05
6380,11.315
761,2.497
692,4.231
7425,8.617
1999,5.597
7383,11.411
102759,26.982
7810,7.232
10411,9.08
7434,23.892
457,1.96
8598,9.914
8733,5.575
5340,8.084
491048,150.432
260693,171.543
3637,16.009
102,5.757
45,0.621
5396,11.347
3912,7.647
190878,72.323
880,14.408
528,9.84
1583,3.19
5792,107.524
2391,2.45
395,12.63
1211,48.912
180805,19.604
24164,37.456
15848,14.011
239,1.822
1073,11.011
2881,7.371
7344,37.827
8675,9.525
645,11.108
5597,11.772
68,3.82
666,2.72
74,1.865
122321,31.57
4093,11.289
13084,6.216
157,5.266
361422,34.774
2325,6.786
64625,11.387
71915,21.463
47603,19.057
9522,4.903
10286,7.645
149604,13.876
6649,33.948
2471,4.042
33579,15.446
11495,7.579
45146,13.392
738,5.963
534,6.813
21635,36.019
14,0.967
1438,9.354
3103,14.546
2908,7.469
2288,5.683
14605,8.001
120488,27.428
998,3.436
177868,60.765
6239,12.322
879,11.325
391942,95.337
5866,10.041
1689,4.487
1282,5.25
9666,3.448
38046,151.92
1413,3.483
3491,8.605
41,2.335
76,1.61
3385,37.828
90,4.571
243,2.064
104166,51.108
3989,4.386
616,3.454
1728,70.0
1895,2.243
336888,751.315
112487,44.823
42148,27.63
2460,9.833
426,4.584
2427,6.455
26368,63.03
2435,6.993
4940,6.271
954,22.754
62183,11.872
70542,10.667
97,4.84
4417,7.989
19708,12.707
2499,19.716
58726,11.976
314049,67.663
901,1.631
22304,8.755
973,11.227
716,4.13
151679,11.328
290,2.726
1750,7.602
4065,17.025
26035,13.823
2973,1.4
14348,27.939
454917,23.091
118117,15.835
142,1.355
3761,14.702
99,4.266
5620,6.913
148562,39.411
3306,3.545
9564,10.825
22838,18.974
2528,31.934
1741,3.909
43149,35.625
2012,3.744
251,1.599
319,3.431
2100,16.09
44917,11.501
1537,9.102
1632,42.454
113483,46.903
50150,15.405
34959,19.524
30235,42.813
7,2.277
3171,27.891
57549,259.097
570138,23.205
2471,23.622
71,13.649
17170,19.018
96015,28.261
226817,36.217
873,11.905
188,2.227
224,1.748
88714,19.718
3398,4.882
9985,9.382
4198,6.599
86,0.6
515,2.923
5212,15.197
40,23.073
12270,8.347
107,2.586
7722,39.666
836,37.753
2695,4.045
218,6.006
16918,15.848
147409,27.917
37401,76.023
563,14.62
914,2.545
748654,46.71
783,16.955
7496,8.304
3078,3.523
3639,11.728
2641,21.358
2622,3.151
29019,17.533
5883,7.434
5784,17.989
497,4.483
15541,20.473
170351,33.283
1432,143.827
371209,19.74
3273,55.055
14714,14.099
3243,7.433
2378,5.655
542,10.647
95,2.518
5615,74.751
14,8.375
2642,22.611
15683,9.481
3515,7.398
119020,23.761
1042,22.822
1319,10.804
81639,79.881
30310,61.763
15536,107.078
739,1.434
17762,22.498
375,2.567
38232,16.555
148043,15.36
444,1.332
407,2.367
7566,9.06
635,87.644
5350,9.637
500,5.887
8096,9.596
108321,24.459
4247,4.869
11227,8.27
98,1.552
385,4.074
522,3.399
1293,19.346
126473,180.003
5692,9.907
16302,32.963
8276,185.487
1302,15.28
719,22.156
429097,33.643
1865,5.506
14716,17.014
948,2.453
49391,13.77
2726,9.46
756,3.95
3909,7.024
8674,13.023
16225,4.417
1422,13.767
3287,11.611
117464,63.789
224,5.267
3253,3.728
7376,7.854
5942,22.812
365,3.895
14021,8.893
3844,18.073
1408,27.507
1245,6.023
1687,14.528
149,1.069
3172,4.554
11329,8.808
1690,7.812
24,1.4
56650,46.069
4578,10.492
172,1.731
2702,8.884
1893,97.251
256,1.68
25460,8.69
284,29.715
9708,30.176
812,17.774
81,3.944
49557,75.849
2279,13.508
7700,3.84
2485,6.703
2592,11.605
244,5.712
1103,1455.085
989,5.021
181306,25.426
78,1.784
6331,5.857
36077,9.788
131564,17.344
8848,28.851
2784,6.495
47971,8.222
183,3.092
81513,17.841
525,1.784
38,1.4
5230,7.127
4027,10.169
4065,16.744
210,10.889
4312,12.247
138,1.001
19829,8.391
624,19.908
359,3.44
100787,60.224
1104,4.376
1076,6.741
202,2.584
6540,9.912
2067,5.378
5713,8.575
6147,9.973
433,6.315
2233,205.417
6052,36.331
2125,13.672
66127,11.838
38,2.749
4308,25.571
30138,20.882
1820,5.821
1928,21.631
14600,12.377
25500,19.06
12069,21.667
28196,29.689
67243,14.82
28295,15.247
100911,25.314
9,1.418
16939,13.35
155135,22.536
5708,14.7
91584,21.013
33769,10.26
6099,10.752
497,11.697
27286,44.535
131574,139.994
987,0.981
111694,18.67
263019,50.29
1649,3.199
7104,8.717
25582,16.645
4426,12.942
31819,20.829
25223,12.155
17226,32.016
264,2.178
64,10.121
4144,5.656
12092,11.171
593,3.069
2346,9.733
269,6.196
270231,20.438
3409,33.635
37913,26.678
5370,10.475
48,1.505
41508,13.548
709,3.953
6989,4.118
10466,9.724
883,25.614
2882,167.763
4942,9.746
207877,54.034
1360,12.259
21887,19.833
10428,11.394
882,0.667
158487,62.339
362,4.249
128,1.448
206,4.438
27650,14.783
5618,53.866
767,8.08
64,6.073
3900,415.203
16168,12.155
44418,13.722
26197,1.596
34730,56.8
34396,32.642
5224,8.688
1117,2.419
172,7.958
1202,279.875
406350,104.215
92224,17.543
2512,5.704
39743,8.993
616,70.563
1864,26.15
37890,28.83
445,34.576
802,5.188
28051,11.768
29201,41.428
64087,13.465
35,1.785
9273,12.59
2233,6.538
768,3.768
47935,52.167
341888,37.892
9228,2.588
53,1.245
1477,19.737
96915,24.872
92788,35.205
1572,5.817
1356,2.744
874,2.165
276,2.243
1541,5.408
8127,109.801
642,1.981
6071,12.948
857,1.714
6555,20.193
3712,7.903
1147,16.646
868,8.685
41782,29.419
30341,37.744
865,25.854
4649,19.711
4248,80.344
35406,129.191
8270,44.074
1518,5.747
1923,9.166
38308,10.913
43732,19.844
2048,10.349
18548,138.542
73,0.6
117055,65.193
3019,8.651
8551,3.623
10198,11.094
105,1.332
89316,40.268
41571,36.043
79674,18.857
681286,33.023
27693,28.6
8124,8.566
2676,6.269
982,53.301
1075,6.178
134,4.711
4416,7.71
94628,30.838
201,5.229
40535,14.528
8949,5.613
21531,14.185
3380,9.035
1069,5.339
1225,5.457
11733,34.678
1330,6.262
1241,22.162
46564,12.988
30499,27.064
9422,120.881
2051,4.76
1608,2.828
4458,8.735
204,1.957
1010,4.822
6710,9.99
58516,11.061
1768,255.762
966,1.34
630,29.626
140741,73.702
72366,63.011
267,2.677
1641,14.257
5340,62.125
1183,6.521
57606,78.602
30698,17.421
5545,8.534
3422,3.316
1590,7.5
2934,11.58
3032,11.01
170728,16.849
10982,10.689
2627,8.167
19706,79.627
16,2.561
9,14.898
5005,14.21
120871,17.506
31,0.626
6,1.915
1440,3.902
202522,172.491
5552,25.874
62,6.24
101975,78.677
2139,5.501
144,6.419
1092,2.829
3954,4.269
899,11.133
188,1.075
189,12.853
712,12.273
5963,52.565
2296,1.4
13038,8.396
310776,463.661
10011,12.671
21511,22.456
1376,21.568
1356,3.688
945125,773.19
29840,22.655
74,2.699
373,51.527
6278,10.496
5057,18.103
3782,13.667
3641,20.288
3724,24.343
85,0.6
5480,9.548
158,1.211
21481,15.364
20207,293.216
58190,16.464
604,2.252
3073,194.904
17878,18.838
8078,9.685
2648,7.115
92,2.53
9862,14.464
465949,118.384
151,5.473
41508,20.903
17236,17.436
38964,16.343
70886,32.777
1158,16.928
4246,8.945
1278,5.156
3380,6.909
2375,51.672
1981,5.506
30,3.733
38647,22.796
1605,21.312
4647,21.049
3542,20.107
42808,19.791
2378,3.899
28,2.587
12356,18.449
864,2.977
729,3.946
14421,71.787
108,3.331
4953,7.99
292,3.554
2504,7.075
190,3.355
2533,10.58
1473,3.082
29915,13.886
86492,46.785
150,10.741
1507,6.284
729,4.542
321,49.227
1076,5.624
4246,4.116
263,2.163
556,6.178
62,1.475
2393,14.553
4948,49.384
56,2.398
509,2.153
15,0.959
366,1.4
1243,5.455
109,1.755
7902,351.639
48,0.932
40788,109.493
1131,2.695
7727,13.616
3529,7.148
555,2.37
956,2.752
526,3.661
2649,5.604
1327,3.583
216,3.619
265,3.674
76961,13.05
1330,4.29
3540,7.755
327,10.016
19029,30.573
353,1.46
195,1.339
399,1.229
2762,9.709
950,2.911
5392,15.225
2641,3.258
1083,17.668
1210,10.31
1126,8.872
9115,43.351
700,2.227
19,3.03
318,5.064
101175,66.882
24232,44.182
37072,28.885
90,2.303
1726,8.15
47025,29.932
12456,51.377
13,0.715
18484,23.361
782,8.918
840,3.711
366,2.867
108,1.366
20675,6.442
1544,6.903
4118,1.776
490,1.546
844,4.92
2848,3.795
2570,3.372
3695,2.908
3508,4.573
603,38.209
4231,5.507
1364,9.503
4335,9.812
523,7.628
12001,19.838
443,11.347
260,4.966
494,1.291
890,3.812
474,4.349
22420,18.036
329656,112.137
1371,28.31
14307,28.197
17828,1.825
3209,7.979
10523,16.775
252051,76.648
8051,2.269
3046,22.616
7371,24.546
1202,3.558
902,3.531
41791,26.26
1548,4.245
7451,5.588
1036,4.159
1091,2.467
2285,7.035
3555,4.96
2854,17.146
12831,8.687
3020,8.353
5460,10.796
68,12.636
350,10.637
6500,31.514
915,18.838
100,6.511
1048,20.971
54566,51.169
4527,13.38
2861,6.613
93,4.358
3701,31.828
5121,5.055
3970,4.752
658,2.812
2039,5.972
3096,4.405
11794,53.488
2888,4.288
1249,2.457
10263,25.549
124218,27.886
11115,35.141
366,17.152
368,2.088
176,175.729
4614,120.75
16509,35.879
2725,20.942
798,14.06
120,2.886
3187,11.564
13677,19.82
333378,16.059
22466,12.817
16927,62.186
14,1.052
439,6.637
22,1.719
22,2.123
4003,3.824
3850,45.151
6724,14.9
758,1.658
1566,3.215
522,1.772
140,1.225
593,12.093
2113,5.467
7251,8.437
8881,12.219
664,5.075
4081,76.371
427,5.783
987,7.699
5251,10.409
686,6.371
677,2.607
54,3.73
1841,18.063
456,5.852
3447,243.742
3788,9.507
3310,3.343
103263,28.657
728,79.277
2025,34.384
44556,6.118
29819,7.815
3505,7.038
78,0.998
2359,3.181
610,20.071
4831,9.603
1573,4.144
1463,4.514
2279,7.422
3338,3.591
4555,43.164
95658,26.019
70242,20.333
5211,8.216
498,15.361
943,4.372
59,0.691
5414,9.563
21,1.749
261956,24.948
7051,8.21
25432,11.459
727,1.4
56,2.682
1641,1.244
992,5.496
27125,9.063
16773,20.899
670,4.663
214,3.96
9535,32.55
178,1.987
73854,22.647
3888,4.258
19140,12.426
2311,14.82
259696,61.423
6732,18.962
12,5.531
74118,12.826
10,4.179
2904,7.2
25,1.4
9391,21.135
7651,17.234
448,2.596
148,2.834
631,14.12
717,0.718
2400,6.926
2384,6.613
7532,14.189
496,5.116
439,3.123
860,3.156
880,1.678
366,3.251
4026,6.948
3522,3.844
13531,25.554
1255,3.794
7544,23.382
448,2.334
213,2.902
5510,25.379
54190,17.252
5172,16.465
1234,13.542
9627,9.968
21852,155.023
4269,3.44
258,1.411
2721,3.128
110,4.772
300,6.244
6018,28.303
59491,11.402
8,1.96
232,2.823
464,2.682
40254,36.027
16273,45.242
603,2.623
1395,1.168
6501,9.714
2433,2.302
1789,176.258
1994,9.315
35458,12.817
24224,76.049
1034,2.452
31330,504.811
1544,3.432
3243,5.56
371,2.128
15134,45.98
19940,56.177
4503,22.796
5631,28.459
1697,3.13
1232,4.731
1238,3.413
256,1.151
34797,39.802
11403,7.354
32,1.258
3767,8.439
9793,5.736
17650,87.79
36291,7.237
1949,10.152
31,0.995
382,4.411
8706,38.016
43,0.973
5922,8.997
770,1.961
15135,21.388
1362,5.603
463,4.111
9957,10.736
121,5.345
6285,8.19
30818,5.773
1469,48.59
54065,20.142
2341,11.018
1790,3.413
5225,13.135
5693,9.545
208185,59.104
45972,14.317
439027,38.657
463276,74.092
29164,43.914
870,6.052
10136,11.215
6043,6.412
18681,6.966
43,0.6
3140,1.721
193,1.532
92,4.311
1379,15.129
2637,7.019
156,4.095
14401,141.099
655,19.375
7063,10.469
148,1.663
7873,6.838
10056,12.153
4181,7.888
674,2.522
162,2.08
22186,5.58
10261,5.328
1610,8.067
332,3.849
21799,9.285
7387,38.136
973,6.225
3239,1.439
2038,15.449
442,9.95
1876,1.267
1433,29.43
21747,29.782
4175,3.996
168,0.957
23674,16.899
8502,17.018
695,1.534
120311,52.94
349,15.794
13703,9.586
8125,37.485
30,0.6
2126,4.392
1773,7.027
832,1.097
172,2.011
210,1.931
28911,11.913
315,0.895
2718,2.94
3126,1440.855
19951,12.176
777,3.37
3619,11.414
212913,16.005
3123,6.314
128,1.865
114127,21.628
48215,17.067
2371,6.611
1150,4.945
348,4.593
186,4.652
6249,3.728
75,1.4
42373,9.71
3634,15.195
10646,17.452
10981,7.349
1184,10.804
16506,20.325
287,4.329
1665,4.026
1732,2.961
907,2.0
55044,25.93
2908,2.955
2125,7.178
12148,96.969
81,57.401
2466,8.876
36,1.265
1337,3.573
1139,4.348
1480,3.734
4057,12.754
3634,5.624
1898,15.617
2248,5.085
1564,3.259
118811,22.205
29298,13.095
56,0.817
9108,8.219
724,2.496
240408,32.096
17218,133.608
20836,11.382
17710,11.354
6700,25.162
24712,129.238
176,28.467
804,7.246
319,0.862
97,1.095
2125,301.796
47049,13.29
7426,27.741
1458,11.084
871,9.713
1933,7.203
349,7.049
13,7.366
18,1.497
12828,18.729
14892,14.338
3130,4.537
83129,15.774
715,4.724
2481,2.966
4181,3.342
311,3.014
8,8.063
12745,29.665
148,1.033
12799,23.22
228,2.08
22256,32.006
699,1.487
6981,18.472
75,1.4
534,66.177
4273,63.602
204,3.381
142,2.755
3861,26.545
2486,1275.252
687,14.193
4205,35.668
4999,12.642
1312,8.378
23141,51.078
14496,49.323
198,0.6
53,0.793
53,1.402
225949,80.568
532,6.048
1649,1.682
1098,43.7
12740,24.968
2570,5.084
102,5.629
272,1.888
209258,15.015
1273,19.492
15627,26.61
26732,29.825
11039,220.105
354,7.159
43,1.743
83,1.709
5628,11.14
4708,8.689
14,1.4
948,1.854
18,4.108
808,44.311
20888,75.438
2065,5.943
673,2.365
8878,3.804
36059,81.469
1692,7.756
622,5.313
3616,5.587
660,2.366
27208,7.585
792,3.35
644,54.353
75801,9.707
605,11.089
25,7.586
407,1.48
3878,271.247
96,0.68
260975,19.411
3210,3.266
2125,6.212
12682,27.728
2540,28.491
22594,15.608
38281,96.149
66488,53.416
7269,6.492
598,7.336
96418,40.707
394,6.797
774,6.252
95,1.92
21,0.6
